"Step","Scaffold","SMILES","Tanimoto ROCS sim","Custom alerts","Linker Num Aromatic Rings","Linker Effective Length","ADV","PostDock Tanimoto ROCS sim","raw_Linker Num Aromatic Rings","raw_Linker Effective Length","raw_ADV","total_score","ID","idx","PostDock Tanimoto ROCS sim (re-score)","raw_ADV (re-score)"
184,"O=C(NC1CCCc2ccccc21)C1Cc2ccc(Oc3cnc(C4CN(CCNC(=O)N5CCCC(n6ccc(-c7ccc(Oc8ccccc8)cc7)n6)C5)C4)nn3)cc2CN1","CNC(C)C(=O)NC(C(=O)N1Cc2cc(Oc3nnc(C4CN(CC(C)NC(=O)N5CCCC(n6nc(-c7ccc(Oc8ccc(F)cc8F)cc7)c(C(N)=O)c6N)C5)C4)nc3C)ccc2CC1C(=O)NC1CCCc2ccccc21)C(C)(C)C",0.20249763131141663,1,1,1,0.9955784678459167,0.9899125695228577,1,9,-14.40999984741211,0.9963727593421936,"default_job_100",100,0.98622835,-14.396
196,"O=C(NC1CCCc2ccccc21)C1Cc2ccc(OCc3nc(NC4CCN(C(=O)N5CCCC(n6ccc(-c7ccc(Oc8ccccc8)cc7)n6)C5)CC4)cc(C4CNC4)n3)cc2CN1","CNC(C)C(=O)NC(C(=O)N1Cc2cc(OCc3nc(NC4CCN(C(=O)N5CCCC(n6nc(-c7ccc(Oc8ccc(F)cc8F)cc7)c(C(N)=O)c6N)C5)CC4)cc(C4CN(C)C4)n3)ccc2CC1C(=O)NC1CCCc2ccccc21)C(C)(C)C",0.24103347957134247,1,1,1,0.9965366721153259,0.9889004230499268,1,8,-14.836000442504883,0.9963592886924744,"default_job_101",101,0.98302484,-14.894
50,"O=C(NC1CCCc2ccccc21)C1Cc2ccc(OCc3cnc(CNCCNC(=O)N4CCCC(n5ccc(-c6ccc(Oc7ccccc7)cc6)n5)C4)cn3)cc2CN1","CNC(C)C(=O)NC(C(=O)N1Cc2cc(OCc3cnc(CN(C)CCNC(=O)N4CCCC(n5nc(-c6ccc(Oc7ccc(F)cc7F)cc6)c(C(N)=O)c5N)C4)cn3)ccc2CC1C(=O)NC1CCCc2ccccc21)C(C)(C)C",0.18640799820423126,1,1,1,0.9935958981513977,0.9917976260185242,1,9,-13.762999534606934,0.9963483810424805,"default_job_102",102,0.9848017,-13.753
120,"O=C(NC1CCCc2ccccc21)C1Cc2ccc(OCCCOc3cccc(CNC(=O)N4CCCC(n5ccc(-c6ccc(Oc7ccccc7)cc6)n5)C4)n3)cc2CN1","CNC(C)C(=O)NC(C(=O)N1Cc2cc(OCCCOc3cccc(CNC(=O)N4CCCC(n5nc(-c6ccc(Oc7ccc(F)cc7F)cc6)c(C(N)=O)c5N)C4)n3)ccc2CC1C(=O)NC1CCCc2ccccc21)C(C)(C)C",0.23140674829483032,1,1,1,0.9927954077720642,0.9925775527954102,1,8,-13.557000160217285,0.9963432550430298,"default_job_103",103,0.98474383,-13.522
170,"O=C(NC1CCCc2ccccc21)C1Cc2ccc(OCc3ccc4c(n3)C(N3CC(NC(=O)N5CCCC(n6ccc(-c7ccc(Oc8ccccc8)cc7)n6)C5)C3)CC4)cc2CN1","CNC(C)C(=O)NC(C(=O)N1Cc2cc(OCc3ccc4c(n3)C(N3CC(NC(=O)N5CCCC(n6nc(-c7ccc(Oc8ccc(F)cc8F)cc7)c(C(N)=O)c6N)C5)C3)CC4)ccc2CC1C(=O)NC1CCCc2ccccc21)C(C)(C)C",0.21918398141860962,1,1,1,0.9961754083633423,0.9891882538795471,1,8,-14.663000106811523,0.9963408708572388,"default_job_104",104,0.96724665,-14.09
178,"O=C(NC1CCCc2ccccc21)C1Cc2ccc(OCc3ccc(C4CCN(C(=O)N5CCCC(n6ccc(-c7ccc(Oc8ccccc8)cc7)n6)C5)CC4)cn3)cc2CN1","CNC(C)C(=O)NC(C(=O)N1Cc2cc(OCc3cc(C)c(C4CCN(C(=O)N5CCCC(n6nc(-c7ccc(Oc8ccc(F)cc8F)cc7)c(C(N)=O)c6N)C5)CC4)cn3)ccc2CC1C(=O)NC1CCCc2ccccc21)C(C)(C)C",0.27391868829727173,1,1,1,0.9974958300590515,0.9878663420677185,1,8,-15.401000022888184,0.9963405728340149,"default_job_105",105,0.98263115,-15.403
117,"O=C(NC1CCCc2ccccc21)C1Cc2ccc(OCCc3cccc(C4CCN(C(=O)N5CCCC(n6ccc(-c7ccc(Oc8ccccc8)cc7)n6)C5)CC4)n3)cc2CN1","CNC(C)C(=O)NC(C(=O)N1Cc2cc(OCC(C)c3ccc(C)c(C4CCN(C(=O)N5CCCC(n6nc(-c7ccc(Oc8ccc(F)cc8F)cc7)c(C(N)=O)c6N)C5)CC4)n3)ccc2CC1C(=O)NC1CCCc2ccccc21)C(C)(C)C",0.21321150660514832,1,1,1,0.996122419834137,0.9892001748085022,1,8,-14.638999938964844,0.9963306188583374,"default_job_106",106,0.97712064,-14.653
50,"O=C(NC1CCCc2ccccc21)C1Cc2ccc(OCCCn3cnc(CCNC(=O)N4CCCC(n5ccc(-c6ccc(Oc7ccccc7)cc6)n5)C4)c3)cc2CN1","CNC(C)C(=O)NC(C(=O)N1Cc2cc(OCC(C)(C)C(C)n3cnc(C(C)(C)CNC(=O)N4CCCC(n5nc(-c6ccc(Oc7ccc(F)cc7F)cc6)c(C(N)=O)c5N)C4)c3)ccc2CC1C(=O)NC1CCCc2ccccc21)C(C)(C)C",0.2259603589773178,1,1,1,0.993755042552948,0.9915553331375122,1,8,-13.807000160217285,0.9963276386260986,"default_job_107",107,0.98618513,-13.794
182,"O=C(NC1CCCc2ccccc21)C1Cc2ccc(OCc3cncc(CNC4CC4NC(=O)N4CCCC(n5ccc(-c6ccc(Oc7ccccc7)cc6)n5)C4)n3)cc2CN1","CNC(C)C(=O)NC(C(=O)N1Cc2cc(OCc3cnc(C)c(CNC4CC4NC(=O)N4CCCC(n5nc(-c6ccc(Oc7ccc(F)cc7F)cc6)c(C(N)=O)c5N)C4)n3)ccc2CC1C(=O)NC1CCCc2ccccc21)C(C)(C)C",0.28608471155166626,1,1,1,0.9936469793319702,0.9916611909866333,1,8,-13.777000427246094,0.9963270425796509,"default_job_108",108,0.882754,-11.392
181,"O=C(NC1CCCc2ccccc21)C1Cc2ccc(OCc3ccnc(NC4CCN(C(=O)N5CCCC(n6ccc(-c7ccc(Oc8ccccc8)cc7)n6)C5)CC4)n3)cc2CN1","CNC(C)C(=O)NC(C(=O)N1Cc2cc(OCc3ccnc(NC4CCN(C(=O)N5CCCC(n6nc(-c7ccc(Oc8ccc(F)cc8F)cc7)c(C(N)=O)c6N)C5)CC4)n3)ccc2CC1C(=O)NC1CCCc2ccccc21)C(C)(C)C",0.289654940366745,1,1,1,0.9968711137771606,0.9884268045425415,1,8,-15.012999534606934,0.9963244199752808,"default_job_109",109,0.98341644,-14.963
74,"O=C(NC1CCCc2ccccc21)C1Cc2ccc(OCCc3ccnc(NCCCNC(=O)N4CCCC(n5ccc(-c6ccc(Oc7ccccc7)cc6)n5)C4)n3)cc2CN1","CNC(C)C(=O)NC(C(=O)N1Cc2cc(OCC(C)c3cc(C)nc(N(C)CCCNC(=O)N4CCCC(n5nc(-c6ccc(Oc7ccc(F)cc7F)cc6)c(C(N)=O)c5N)C4)n3)ccc2CC1C(=O)NC1CCCc2ccccc21)C(C)(C)C",0.21623137593269348,1,1,1,0.9928036332130432,0.9924906492233276,1,9,-13.559000015258789,0.9963235855102539,"default_job_110",110,0.98696595,-13.544
122,"O=C(NC1CCCc2ccccc21)C1Cc2ccc(OCc3ccc(C4CCCC(NC(=O)N5CCCC(n6ccc(-c7ccc(Oc8ccccc8)cc7)n6)C5)C4)nc3)cc2CN1","CNC(C)C(=O)NC(C(=O)N1Cc2cc(OC(C)c3cnc(C4CCCC(NC(=O)N5CCCC(n6nc(-c7ccc(Oc8ccc(F)cc8F)cc7)c(C(N)=O)c6N)C5)C4)c(C)c3)ccc2CC1C(=O)NC1CCCc2ccccc21)C(C)(C)C",0.2561066746711731,1,1,1,0.9968494772911072,0.9884369373321533,1,8,-15.00100040435791,0.9963216185569763,"default_job_111",111,0.98314005,-15
132,"O=C(NC1CCCc2ccccc21)C1Cc2ccc(OCCOc3cccc(C4CCCC(NC(=O)N5CCCC(n6ccc(-c7ccc(Oc8ccccc8)cc7)n6)C5)C4)c3)cc2CN1","CNC(C)C(=O)NC(C(=O)N1Cc2cc(OCCOc3cccc(C4CCCC(NC(=O)N5CCCC(n6nc(-c7ccc(Oc8ccc(F)cc8F)cc7)c(C(N)=O)c6N)C5)C4)c3)ccc2CC1C(=O)NC1CCCc2ccccc21)C(C)(C)C",0.2121341973543167,1,1,1,0.9929138422012329,0.9923554062843323,1,9,-13.586000442504883,0.9963172674179077,"default_job_112",112,0.9839447,-13.602
198,"O=C(NC1CCCc2ccccc21)C1Cc2ccc(OCCN3CCC(N4CCN(C(=O)N5CCCC(n6ccc(-c7ccc(Oc8ccccc8)cc7)n6)C5)CC4)C3)cc2CN1","CNC(C)C(=O)NC(C(=O)N1Cc2cc(OCCN3CCC(N4CCN(C(=O)N5CCCC(n6nc(-c7ccc(Oc8ccc(F)cc8F)cc7)c(C(N)=O)c6N)C5)CC4)C3)ccc2CC1C(=O)NC1CCCc2ccccc21)C(C)(C)C",0.271621972322464,1,1,1,0.9958817958831787,0.9893799424171448,0,8,-14.534000396728516,0.9963154196739197,"default_job_113",113,0.98358804,-14.52
199,"O=C(NC1CCCc2ccccc21)C1Cc2ccc(OCCCn3cccc(C4CN(C(=O)N5CCCC(n6ccc(-c7ccc(Oc8ccccc8)cc7)n6)C5)C4)c3=O)cc2CN1","CNC(C)C(=O)NC(C(=O)N1Cc2cc(OCCCn3cccc(C4CN(C(=O)N5CCCC(n6nc(-c7ccc(Oc8ccc(F)cc8F)cc7)c(C(N)=O)c6N)C5)C4)c3=O)ccc2CC1C(=O)NC1CCCc2ccccc21)C(C)(C)C",0.24990051984786987,1,1,1,0.9959006309509277,0.9893474578857422,1,8,-14.541999816894531,0.9963120222091675,"default_job_114",114,0.9845282,-14.553
190,"O=C(NC1CCCc2ccccc21)C1Cc2ccc(OCCn3cnc(N4CC(NC(=O)N5CCCC(n6ccc(-c7ccc(Oc8ccccc8)cc7)n6)C5)C4)n3)cc2CN1","CNC(C)C(=O)NC(C(=O)N1Cc2cc(OCCn3nc(N4CC(NC(=O)N5CCCC(n6nc(-c7ccc(Oc8ccc(F)cc8F)cc7)c(C(N)=O)c6N)C5)C4)nc3C)ccc2CC1C(=O)NC1CCCc2ccccc21)C(C)(C)C",0.266030490398407,1,1,1,0.996177613735199,0.9890611171722412,1,8,-14.663999557495117,0.9963096976280212,"default_job_115",115,0.97083986,-14.324
139,"O=C(NC1CCCc2ccccc21)C1Cc2ccc(OC3CCC(CCNCCNC(=O)N4CCCC(n5ccc(-c6ccc(Oc7ccccc7)cc6)n5)C4)C3)cc2CN1","CNC(C)C(=O)NC(C(=O)N1Cc2cc(OC3CCC(CCNCCNC(=O)N4CCCC(n5nc(-c6ccc(Oc7ccc(F)cc7F)cc6)c(C(N)=O)c5N)C4)C3)ccc2CC1C(=O)NC1CCCc2ccccc21)C(C)(C)C",0.25171294808387756,1,1,1,0.9929903745651245,0.992236852645874,0,8,-13.604999542236328,0.996306836605072,"default_job_116",116,0.98587155,-13.627
120,"O=C(CCCOc1ccc2c(c1)CNC(C(=O)NC1CCCc3ccccc31)C2)Nc1ccc(NC(=O)N2CCCC(n3ccc(-c4ccc(Oc5ccccc5)cc4)n3)C2)nc1","CNC(C)C(=O)NC(C(=O)N1Cc2cc(OCCCC(=O)Nc3ccc(NC(=O)N4CCCC(n5nc(-c6ccc(Oc7ccc(F)cc7F)cc6)c(C(N)=O)c5N)C4)nc3)ccc2CC1C(=O)NC1CCCc2ccccc21)C(C)(C)C",0.17501261830329895,1,1,1,0.9951037168502808,0.9900767803192139,1,9,-14.232000350952148,0.996295154094696,"default_job_117",117,0.98048806,-14.284
188,"O=C(NC1CCCc2ccccc21)C1Cc2ccc(OCCN3CCC(NC4CN(C(=O)N5CCCC(n6ccc(-c7ccc(Oc8ccccc8)cc7)n6)C5)C4)CC3)cc2CN1","CNC(C)C(=O)NC(C(=O)N1Cc2cc(OCCN3CCC(NC4CN(C(=O)N5CCCC(n6nc(-c7ccc(Oc8ccc(F)cc8F)cc7)c(C(N)=O)c6N)C5)C4)CC3)ccc2CC1C(=O)NC1CCCc2ccccc21)C(C)(C)C",0.37089693546295166,1,1,1,0.9960686564445496,0.9890991449356079,0,9,-14.614999771118164,0.996291995048523,"default_job_118",118,0.98286515,-14.614
113,"C=C(COc1ccc2c(c1)CNC(C(=O)NC1CCCc3ccccc31)C2)NC1CCCC(C(=O)CNC(=O)N2CCCC(n3ccc(-c4ccc(Oc5ccccc5)cc4)n3)C2)C1","C=C(COc1ccc2c(c1)CN(C(=O)C(NC(=O)C(C)NC)C(C)(C)C)C(C(=O)NC1CCCc3ccccc31)C2)NC1(C)CCCC(C(=O)C(C)NC(=O)N2CCCC(n3nc(-c4ccc(Oc5ccc(F)cc5F)cc4)c(C(N)=O)c3N)C2)C1",0.18544207513332367,1,1,1,0.9949700832366943,0.9901808500289917,0,8,-14.1850004196167,0.9962877035140991,"default_job_119",119,0.9819841,-14.14
193,"O=C(NC1CCCc2ccccc21)C1Cc2ccc(OCCNCC3CCC4CC(NC(=O)N5CCCC(n6ccc(-c7ccc(Oc8ccccc8)cc7)n6)C5)C(=O)N34)cc2CN1","CNC(C)C(=O)NC(C(=O)N1Cc2cc(OCCNCC3CCC4CC(NC(=O)N5CCCC(n6nc(-c7ccc(Oc8ccc(F)cc8F)cc7)c(C(N)=O)c6N)C5)C(=O)N34)ccc2CC1C(=O)NC1CCCc2ccccc21)C(C)(C)C",0.23050187528133392,1,1,1,0.9951344728469849,0.9899964332580566,0,8,-14.243000030517578,0.996282696723938,"default_job_120",120,0.9831527,-14.233
188,"O=C(NC1CCCc2ccccc21)C1Cc2ccc(OCCNCCNC3CCN(C(=O)N4CCCC(n5ccc(-c6ccc(Oc7ccccc7)cc6)n5)C4)C3)cc2CN1","CNC(C)C(=O)NC(C(=O)N1Cc2cc(OCCNC(C)CNC3CCN(C(=O)N4CCCC(n5nc(-c6ccc(Oc7ccc(F)cc7F)cc6)c(C(N)=O)c5N)C4)C3)ccc2CC1C(=O)NC1CCCc2ccccc21)C(C)(C)C",0.23790132999420166,1,1,1,0.9934514164924622,0.991582989692688,0,8,-13.723999977111816,0.9962586164474487,"default_job_121",121,0.9834528,-13.692
178,"O=C(NC1CCCc2ccccc21)C1Cc2ccc(OCCc3cc(C4CC(NC(=O)N5CCCC(n6ccc(-c7ccc(Oc8ccccc8)cc7)n6)C5)CN4)ncn3)cc2CN1","CNC(C)C(=O)NC(C(=O)N1Cc2cc(OCCc3cc(C4CC(NC(=O)N5CCCC(n6nc(-c7ccc(Oc8ccc(F)cc8F)cc7)c(C(N)=O)c6N)C5)CN4)nc(C)n3)ccc2CC1C(=O)NC1CCCc2ccccc21)C(C)(C)C",0.21688824892044067,1,1,1,0.9956388473510742,0.9893571138381958,1,8,-14.434000015258789,0.9962489604949951,"default_job_122",122,0.9843735,-14.398
128,"O=C(NC1CCCc2ccccc21)C1Cc2ccc(OCc3ccc(CN4CCCC4CNC(=O)N4CCCC(n5ccc(-c6ccc(Oc7ccccc7)cc6)n5)C4)cn3)cc2CN1","CNC(C)C(=O)NC(C(=O)N1Cc2cc(OCc3cc(C)c(CN4CCCC4CNC(=O)N4CCCC(n5nc(-c6ccc(Oc7ccc(F)cc7F)cc6)c(C(N)=O)c5N)C4)cn3)ccc2CC1C(=O)NC1CCCc2ccccc21)C(C)(C)C",0.26553085446357727,1,1,1,0.9958414435386658,0.9891533255577087,1,9,-14.517000198364258,0.996248722076416,"default_job_123",123,0.9813769,-14.522
194,"O=C(NC1CCCc2ccccc21)C1Cc2ccc(OCc3cncc(CNC4CN(C(=O)N5CCCC(n6ccc(-c7ccc(Oc8ccccc8)cc7)n6)C5)C4)n3)cc2CN1","CNC(C)C(=O)NC(C(=O)N1Cc2cc(OCc3cnc(C)c(CNC4CN(C(=O)N5CCCC(n6nc(-c7ccc(Oc8ccc(F)cc8F)cc7)c(C(N)=O)c6N)C5)C4)n3)ccc2CC1C(=O)NC1CCCc2ccccc21)C(C)(C)C",0.2655433714389801,1,1,1,0.9958935976028442,0.9890875816345215,1,8,-14.538999557495117,0.996245265007019,"default_job_124",124,0.9796658,-14.499
131,"O=C(NC1CCCc2ccccc21)C1Cc2ccc(OCc3ccc(NCCNC(=O)N4CCCC(n5ccc(-c6ccc(Oc7ccccc7)cc6)n5)C4)cc3)cc2CN1","CNC(C)C(=O)NC(C(=O)N1Cc2cc(OCc3ccc(NCCNC(=O)N4CCCC(n5nc(-c6ccc(Oc7ccc(F)cc7F)cc6)c(C(N)=O)c5N)C4)cc3C)ccc2CC1C(=O)NC1CCCc2ccccc21)C(C)(C)C",0.3498634696006775,1,1,1,0.9940036535263062,0.9909557700157166,1,8,-13.878000259399414,0.9962399005889893,"default_job_125",125,0.98471934,-13.893
45,"O=C(NC1CCCc2ccccc21)C1Cc2ccc(OCCCc3c[nH]c(CCCNC(=O)N4CCCC(n5ccc(-c6ccc(Oc7ccccc7)cc6)n5)C4)n3)cc2CN1","CNC(C)C(=O)NC(C(=O)N1Cc2cc(OCCCc3cn(C)c(CCCNC(=O)N4CCCC(n5nc(-c6ccc(Oc7ccc(F)cc7F)cc6)c(C(N)=O)c5N)C4)n3)ccc2CC1C(=O)NC1CCCc2ccccc21)C(C)(C)C",0.2591334879398346,1,1,1,0.9920967817306519,0.9928590655326843,1,9,-13.395000457763672,0.9962390065193176,"default_job_126",126,0.9854151,-13.391
33,"O=C(NC1CCCc2ccccc21)C1Cc2ccc(OCCc3cccc(CCCNC(=O)N4CCCC(n5ccc(-c6ccc(Oc7ccccc7)cc6)n5)C4)c3)cc2CN1","CNC(C)C(=O)NC(C(=O)N1Cc2cc(OCCc3cc(CCCNC(=O)N4CCCC(n5nc(-c6ccc(Oc7ccc(F)cc7F)cc6)c(C(N)=O)c5N)C4)c(C)cc3Cl)ccc2CC1C(=O)NC1CCCc2ccccc21)C(C)(C)C",0.21956035494804382,1,1,1,0.9926875829696655,0.9922494292259216,1,8,-13.531000137329102,0.9962342977523804,"default_job_127",127,0.9829397,-13.517
193,"O=C(NC1CCCc2ccccc21)C1Cc2ccc(OCCNCc3cncn3C3CCN(C(=O)N4CCCC(n5ccc(-c6ccc(Oc7ccccc7)cc6)n5)C4)C3)cc2CN1","CNC(C)C(=O)NC(C(=O)N1Cc2cc(OCCNCc3cncn3C3CCN(C(=O)N4CCCC(n5nc(-c6ccc(Oc7ccc(F)cc7F)cc6)c(C(N)=O)c5N)C4)C3)ccc2CC1C(=O)NC1CCCc2ccccc21)C(C)(C)C",0.25570788979530334,1,1,1,0.9947342872619629,0.990170955657959,1,8,-14.104999542236328,0.9962263107299805,"default_job_128",128,0.9812314,-14.164
57,"O=C(NC1CCCc2ccccc21)C1Cc2ccc(OCc3ccnc(CNCCNC(=O)N4CCCC(n5ccc(-c6ccc(Oc7ccccc7)cc6)n5)C4)n3)cc2CN1","CNC(C)C(=O)NC(C(=O)N1Cc2cc(OCc3cc(C)nc(CN(C)CCNC(=O)N4CCCC(n5nc(-c6ccc(Oc7ccc(F)cc7F)cc6)c(C(N)=O)c5N)C4)n3)ccc2CC1C(=O)NC1CCCc2ccccc21)C(C)(C)C",0.17609308660030365,1,1,1,0.9929823279380798,0.9919174313545227,1,8,-13.602999687194824,0.9962249398231506,"default_job_129",129,0.9844531,-13.597
41,"O=C(NC1CCCc2ccccc21)C1Cc2ccc(OCCCc3cc(CCNC(=O)N4CCCC(n5ccc(-c6ccc(Oc7ccccc7)cc6)n5)C4)[nH]n3)cc2CN1","CNC(C)C(=O)NC(C(=O)N1Cc2cc(OCCCc3cc(CCNC(=O)N4CCCC(n5nc(-c6ccc(Oc7ccc(F)cc7F)cc6)c(C(N)=O)c5N)C4)n(C)n3)ccc2CC1C(=O)NC1CCCc2ccccc21)C(C)(C)C",0.23214901983737946,1,1,1,0.9925611019134521,0.9923325777053833,1,8,-13.50100040435791,0.9962234497070312,"default_job_130",130,0.9855801,-13.489
49,"O=C(NC1CCCc2ccccc21)C1Cc2ccc(OCc3nccc(CNCCCNC(=O)N4CCCC(n5ccc(-c6ccc(Oc7ccccc7)cc6)n5)C4)n3)cc2CN1","CNC(C)C(=O)NC(C(=O)N1Cc2cc(OCc3nc(C)cc(CN(F)CC(C)(C)CNC(=O)N4CCCC(n5nc(-c6ccc(Oc7ccc(F)cc7F)cc6)c(C(N)=O)c5N)C4)n3)ccc2CC1C(=O)NC1CCCc2ccccc21)C(C)(C)C",0.224155992269516,1,1,1,0.9921417832374573,0.9927404522895813,1,9,-13.404999732971191,0.9962205290794373,"default_job_131",131,0.9846436,-13.413
165,"O=C(NC1CCCc2ccccc21)C1Cc2ccc(OCCc3cccc(NC4CCN(C(=O)N5CCCC(n6ccc(-c7ccc(Oc8ccccc8)cc7)n6)C5)C4)n3)cc2CN1","CNC(C)C(=O)NC(C(=O)N1Cc2cc(OCC(C)c3nc(NC4CCN(C(=O)N5CCCC(n6nc(-c7ccc(Oc8ccc(F)cc8F)cc7)c(C(N)=O)c6N)C5)C4)c(C)c(C)c3C)ccc2CC1C(=O)NC1CCCc2ccccc21)C(C)(C)C",0.22559785842895508,1,1,1,0.9962211847305298,0.9886599183082581,1,8,-14.684000015258789,0.9962202310562134,"default_job_132",132,0.98142266,-14.677
75,"O=C(NC1CCCc2ccccc21)C1Cc2ccc(OCCCc3ncc(CCNC(=O)N4CCCC(n5ccc(-c6ccc(Oc7ccccc7)cc6)n5)C4)cn3)cc2CN1","CNC(C)C(=O)NC(C(=O)N1Cc2cc(OCCCc3ncc(C(C)CNC(=O)N4CCCC(n5nc(-c6ccc(Oc7ccc(F)cc7F)cc6)c(C(N)=O)c5N)C4)cn3)ccc2CC1C(=O)NC1CCCc2ccccc21)C(C)(C)C",0.22752562165260315,1,1,1,0.9936831593513489,0.9911868572235107,1,9,-13.786999702453613,0.9962174892425537,"default_job_133",133,0.9828552,-13.803
131,"O=C(NC1CCCc2ccccc21)C1Cc2ccc(OC3CNc4cc(NCCNC(=O)N5CCCC(n6ccc(-c7ccc(Oc8ccccc8)cc7)n6)C5)ccc4C3)cc2CN1","CNC(C)C(=O)NC(C(=O)N1Cc2cc(OC3CNc4cc(NCCNC(=O)N5CCCC(n6nc(-c7ccc(Oc8ccc(F)cc8F)cc7)c(C(N)=O)c6N)C5)ccc4C3)ccc2CC1C(=O)NC1CCCc2ccccc21)C(C)(C)C",0.37252458930015564,1,1,1,0.9963740706443787,0.988475501537323,1,9,-14.755999565124512,0.9962124228477478,"default_job_134",134,0.9811848,-14.725
8,"O=C(NCCOc1ccc2c(c1)CNC(C(=O)NC1CCCc3ccccc31)C2)c1ccc(NC(=O)N2CCCC(n3ccc(-c4ccc(Oc5ccccc5)cc4)n3)C2)cc1","CNC(C)C(=O)NC(C(=O)N1Cc2cc(OCC(C(C)C)N(C)C(=O)c3cc(F)c(NC(=O)N4CCCC(n5nc(-c6ccc(Oc7ccc(F)cc7F)cc6)c(C(N)=O)c5N)C4)cc3F)ccc2CC1C(=O)NC1CCCc2ccccc21)C(C)(C)C",0.25104060769081116,1,1,1,0.994770348072052,0.9900496602058411,1,8,-14.116999626159668,0.9962049722671509,"default_job_135",135,0.9808629,-14.076
148,"O=C(NC1CCCc2ccccc21)C1Cc2ccc(Oc3ccc4c(c3)CCC4CCCNC(=O)N3CCCC(n4ccc(-c5ccc(Oc6ccccc6)cc5)n4)C3)cc2CN1","CNC(C)C(=O)NC(C(=O)N1Cc2cc(Oc3cc(C)c4c(c3)CC(C)(C)C4CCC(C)NC(=O)N3CCCC(n4nc(-c5ccc(Oc6ccc(F)cc6F)cc5)c(C(N)=O)c4N)C3)ccc2CC1C(=O)NC1CCCc2ccccc21)C(C)(C)C",0.20792365074157715,1,1,1,0.9958103895187378,0.988979160785675,1,8,-14.503999710083008,0.9961974024772644,"default_job_136",136,0.98308814,-14.512
170,"O=C(NC1CCCc2ccccc21)C1Cc2ccc(OCCc3ccc(C4CN(C(=O)N5CCCC(n6ccc(-c7ccc(Oc8ccccc8)cc7)n6)C5)C4)cc3C3CC3)cc2CN1","CNC(C)C(=O)NC(C(=O)N1Cc2cc(OCC(C)c3ccc(C4CN(C(=O)N5CCCC(n6nc(-c7ccc(Oc8ccc(F)cc8F)cc7)c(C(N)=O)c6N)C5)C4)cc3C3CC3)ccc2CC1C(=O)NC1CCCc2ccccc21)C(C)(C)C",0.21587809920310974,1,1,1,0.9964461326599121,0.9883409142494202,1,8,-14.791000366210938,0.9961967468261719,"default_job_137",137,0.9792119,-14.809
88,"O=C(NC1CCCc2ccccc21)C1Cc2ccc(OCCc3cccc(CCCCNC(=O)N4CCCC(n5ccc(-c6ccc(Oc7ccccc7)cc6)n5)C4)c3)cc2CN1","CNC(C)C(=O)NC(C(=O)N1Cc2cc(OCC(C)c3ccc(C)c(CC(C)C(C)CNC(=O)N4CCCC(n5nc(-c6ccc(Oc7ccc(F)cc7F)cc6)c(C(N)=O)c5N)C4)c3)ccc2CC1C(=O)NC1CCCc2ccccc21)C(C)(C)C",0.22564314305782318,1,1,1,0.9917885661125183,0.992991030216217,1,9,-13.32800006866455,0.9961948990821838,"default_job_138",138,0.98497266,-13.319
115,"O=C(COc1ccc2c(c1)CNC(C(=O)NC1CCCc3ccccc31)C2)c1ccc(NCCNC(=O)N2CCCC(n3ccc(-c4ccc(Oc5ccccc5)cc4)n3)C2)nc1","CNC(C)C(=O)NC(C(=O)N1Cc2cc(OCC(=O)c3ccc(NCCNC(=O)N4CCCC(n5nc(-c6ccc(Oc7ccc(F)cc7F)cc6)c(C(N)=O)c5N)C4)nc3C)ccc2CC1C(=O)NC1CCCc2ccccc21)C(C)(C)C",0.22488844394683838,1,1,1,0.9938963055610657,0.9908745884895325,1,9,-13.847000122070312,0.9961926937103271,"default_job_139",139,0.98602307,-13.867
85,"O=C(NC1CCCc2ccccc21)C1Cc2ccc(OCCC3CCC(CCNC(=O)N4CCCC(n5ccc(-c6ccc(Oc7ccccc7)cc6)n5)C4)CC3)cc2CN1","CNC(C)C(=O)NC(C(=O)N1Cc2cc(OCCC3CCC(CCNC(=O)N4CCCC(n5nc(-c6ccc(Oc7ccc(F)cc7F)cc6)c(C(N)=O)c5N)C4)CC3)ccc2CC1C(=O)NC1CCCc2ccccc21)C(C)(C)C",0.29588770866394043,1,1,1,0.9940786361694336,0.9906802773475647,0,8,-13.899999618530273,0.9961897134780884,"default_job_140",140,0.9824983,-13.865
166,"O=C(NC1CCCc2ccccc21)C1Cc2ccc(OC3CCN(c4ccccc4C4CCN(C(=O)N5CCCC(n6ccc(-c7ccc(Oc8ccccc8)cc7)n6)C5)CC4)C3)cc2CN1","CNC(C)C(=O)NC(C(=O)N1Cc2cc(OC3CCN(c4c(C)cc(C)cc4C4CCN(C(=O)N5CCCC(n6nc(-c7ccc(Oc8ccc(F)cc8F)cc7)c(C(N)=O)c6N)C5)CC4)C3)ccc2CC1C(=O)NC1CCCc2ccccc21)C(C)(C)C",0.1690886914730072,1,1,1,0.9973991513252258,0.9873459339141846,1,8,-15.335000038146973,0.9961862564086914,"default_job_141",141,0.9771064,-15.32
140,"O=C(NC1CCCc2ccccc21)C1Cc2ccc(OCCc3ccc(C4CCC4NC(=O)N4CCCC(n5ccc(-c6ccc(Oc7ccccc7)cc6)n5)C4)cc3)cc2CN1","CNC(C)C(=O)NC(C(=O)N1Cc2cc(OCCc3cc(C)c(C4CC(C)C4NC(=O)N4CCCC(n5nc(-c6ccc(Oc7ccc(F)cc7F)cc6)c(C(N)=O)c5N)C4)c(C)c3)ccc2CC1C(=O)NC1CCCc2ccccc21)C(C)(C)C",0.17800937592983246,1,1,1,0.9959705471992493,0.9887663722038269,1,8,-14.571999549865723,0.996184229850769,"default_job_142",142,0.9809583,-14.565
181,"O=C(NC1CCCc2ccccc21)C1Cc2ccc(OCc3ncnc(NCC4CN(C(=O)N5CCCC(n6ccc(-c7ccc(Oc8ccccc8)cc7)n6)C5)C4)n3)cc2CN1","CNC(C)C(=O)NC(C(=O)N1Cc2cc(OC(C)c3nc(C)nc(NCC4CN(C(=O)N5CCCC(n6nc(-c7ccc(Oc8ccc(F)cc8F)cc7)c(C(N)=O)c6N)C5)C4)n3)ccc2CC1C(=O)NC1CCCc2ccccc21)C(C)(C)C",0.2707150876522064,1,1,1,0.996319591999054,0.9884154200553894,1,8,-14.729999542236328,0.9961837530136108,"default_job_143",143,0.9779427,-14.67
163,"O=C(NC1CCCc2ccccc21)C1Cc2ccc(OCCc3ccn(C4CC(NC(=O)N5CCCC(n6ccc(-c7ccc(Oc8ccccc8)cc7)n6)C5)C4)c3)cc2CN1","CNC(C)C(=O)NC(C(=O)N1Cc2cc(OCC(C)c3c(C)c(C)n(C4CC(NC(=O)N5CCCC(n6nc(-c7ccc(Oc8ccc(F)cc8F)cc7)c(C(N)=O)c6N)C5)C4)c3C)ccc2CC1C(=O)NC1CCCc2ccccc21)C(C)(C)C",0.2593553960323334,1,1,1,0.993854284286499,0.9908798933029175,1,8,-13.835000038146973,0.9961835145950317,"default_job_144",144,0,-11.796
146,"O=C(NC1CCCc2ccccc21)C1Cc2ccc(OC3CCC(COc4cc(NC(=O)N5CCCC(n6ccc(-c7ccc(Oc8ccccc8)cc7)n6)C5)ncc4C4CC4)CC3)cc2CN1","CNC(C)C(=O)NC(C(=O)N1Cc2cc(OC3CCC(COc4cc(NC(=O)N5CCCC(n6nc(-c7ccc(Oc8ccc(F)cc8F)cc7)c(C(N)=O)c6N)C5)ncc4C4CC4)CC3)ccc2CC1C(=O)NC1CCCc2ccccc21)C(C)(C)C",0.2764037847518921,1,1,1,0.9965027570724487,0.9882136583328247,1,9,-14.819000244140625,0.9961791038513184,"default_job_145",145,0.98354435,-14.796
191,"O=C(NC1CCCc2ccccc21)C1Cc2ccc(OC3CCN(c4nccc(C5CCN(C(=O)N6CCCC(n7ccc(-c8ccc(Oc9ccccc9)cc8)n7)C6)C5)n4)C3)cc2CN1","CNC(C)C(=O)NC(C(=O)N1Cc2cc(OC3CCN(c4nccc(C5CCN(C(=O)N6CCCC(n7nc(-c8ccc(Oc9ccc(F)cc9F)cc8)c(C(N)=O)c7N)C6)C5)n4)C3)ccc2CC1C(=O)NC1CCCc2ccccc21)C(C)(C)C",0.26549163460731506,1,1,1,0.9981036186218262,0.9866122007369995,1,8,-15.885000228881836,0.9961789846420288,"default_job_146",146,0.98495686,-15.951
131,"O=C(NC1CCCc2ccccc21)C1Cc2ccc(OC3CNCCC3C(=O)NC3CCC(NC(=O)N4CCCC(n5ccc(-c6ccc(Oc7ccccc7)cc6)n5)C4)CC3)cc2CN1","CNC(C)C(=O)NC(C(=O)N1Cc2cc(OC3CNCCC3C(=O)NC3CCC(NC(=O)N4CCCC(n5nc(-c6ccc(Oc7ccc(F)cc7F)cc6)c(C(N)=O)c5N)C4)CC3)ccc2CC1C(=O)NC1CCCc2ccccc21)C(C)(C)C",0.3617419898509979,1,1,1,0.9882345199584961,0.9964802265167236,0,8,-12.696999549865723,0.9961786866188049,"default_job_147",147,0.9570753,-13.889
169,"O=C(NC1CCCc2ccccc21)C1Cc2ccc(OCc3cccc(NC4CCN(C(=O)N5CCCC(n6ccc(-c7ccc(Oc8ccccc8)cc7)n6)C5)CC4)n3)cc2CN1","CNC(C)C(=O)NC(C(=O)N1Cc2cc(OCc3cccc(NC4CCN(C(=O)N5CCCC(n6nc(-c7ccc(Oc8ccc(F)cc8F)cc7)c(C(N)=O)c6N)C5)CC4)n3)ccc2CC1C(=O)NC1CCCc2ccccc21)C(C)(C)C",0.24388159811496735,1,1,1,0.9966710805892944,0.9880427122116089,1,8,-14.904999732971191,0.9961785078048706,"default_job_148",148,0.9802371,-14.911
160,"O=C(NC1CCCc2ccccc21)C1Cc2ccc(OCc3ccc(OCCNC(=O)N4CCCC(n5ccc(-c6ccc(Oc7ccccc7)cc6)n5)C4)cc3)cc2CN1","CNC(C)C(=O)NC(C(=O)N1Cc2cc(OCc3cc(C)c(OCCNC(=O)N4CCCC(n5nc(-c6ccc(Oc7ccc(F)cc7F)cc6)c(C(N)=O)c5N)C4)c(C)c3C)ccc2CC1C(=O)NC1CCCc2ccccc21)C(C)(C)C",0.3464941382408142,1,1,1,0.9945564866065979,0.9901548624038696,1,8,-14.04699993133545,0.9961777925491333,"default_job_149",149,0.9804686,-14.161
136,"O=C(NC1CCCc2ccccc21)C1Cc2ccc(OCC3(c4ccc(OCCNC(=O)N5CCCC(n6ccc(-c7ccc(Oc8ccccc8)cc7)n6)C5)cc4)CCC3)cc2CN1","CNC(C)C(=O)NC(C(=O)N1Cc2cc(OCC3(c4ccc(OCCNC(=O)N5CCCC(n6nc(-c7ccc(Oc8ccc(F)cc8F)cc7)c(C(N)=O)c6N)C5)cc4)CCC3)ccc2CC1C(=O)NC1CCCc2ccccc21)C(C)(C)C",0.11789613962173462,1,1,1,0.993406355381012,0.9913007616996765,1,9,-13.711999893188477,0.9961767792701721,"default_job_150",150,0.985582,-13.683
126,"O=C(NC1CCCc2ccccc21)C1Cc2ccc(OCc3ccc(NCCNC(=O)N4CCCC(n5ccc(-c6ccc(Oc7ccccc7)cc6)n5)C4)nc3)cc2CN1","CNC(C)C(=O)NC(C(=O)N1Cc2cc(OC(C)c3ccc(NCCNC(=O)N4CCCC(n5nc(-c6ccc(Oc7ccc(F)cc7F)cc6)c(C(N)=O)c5N)C4)nc3)ccc2CC1C(=O)NC1CCCc2ccccc21)C(C)(C)C",0.1909002959728241,1,1,1,0.9952772855758667,0.9894101619720459,1,8,-14.295000076293945,0.9961718916893005,"default_job_151",151,0.9833529,-14.392
84,"O=C(NC1CCCc2ccccc21)C1Cc2ccc(OCCCc3cnc(CCNC(=O)N4CCCC(n5ccc(-c6ccc(Oc7ccccc7)cc6)n5)C4)s3)cc2CN1","CNC(C)C(=O)NC(C(=O)N1Cc2cc(OCCCc3cnc(C(C)CNC(=O)N4CCCC(n5nc(-c6ccc(Oc7ccc(F)cc7F)cc6)c(C(N)=O)c5N)C4)s3)ccc2CC1C(=O)NC1CCCc2ccccc21)C(C)(C)C",0.27364423871040344,1,1,1,0.9930779933929443,0.9916061758995056,1,8,-13.626999855041504,0.9961710572242737,"default_job_152",152,0.9828913,-13.62
67,"O=C(NC1CCCc2ccccc21)C1Cc2ccc(OCCCc3cnc(CCNC(=O)N4CCCC(n5ccc(-c6ccc(Oc7ccccc7)cc6)n5)C4)nc3)cc2CN1","CNC(C)C(=O)NC(C(=O)N1Cc2cc(OCCCc3cnc(C(C)(F)CNC(=O)N4CCCC(n5nc(-c6ccc(Oc7ccc(F)cc7F)cc6)c(C(N)=O)c5N)C4)nc3C)ccc2CC1C(=O)NC1CCCc2ccccc21)C(C)(C)C",0.26560381054878235,1,1,1,0.9939137697219849,0.9907525777816772,1,9,-13.85200023651123,0.9961665868759155,"default_job_153",153,0.9838315,-13.81
181,"O=C(NC1CCCc2ccccc21)C1Cc2ccc(OCCNC3CCc4nc(CNC(=O)N5CCCC(n6ccc(-c7ccc(Oc8ccccc8)cc7)n6)C5)ccc43)cc2CN1","CNC(C)C(=O)NC(C(=O)N1Cc2cc(OCCNC3CCc4nc(CNC(=O)N5CCCC(n6nc(-c7ccc(Oc8ccc(F)cc8F)cc7)c(C(N)=O)c6N)C5)cc(Cl)c43)ccc2CC1C(=O)NC1CCCc2ccccc21)C(C)(C)C",0.15863624215126038,1,1,1,0.9952173829078674,0.9894344806671143,1,9,-14.27299976348877,0.9961629509925842,"default_job_154",154,0.9838499,-14.28
18,"O=C(NC1CCCc2ccccc21)C1Cc2ccc(OCc3cccc(OCCCNC(=O)N4CCCC(n5ccc(-c6ccc(Oc7ccccc7)cc6)n5)C4)c3)cc2CN1","CNC(C)C(=O)NC(C(=O)N1Cc2cc(OCc3c(C)cc(C)c(OCCCNC(=O)N4CCCC(n5nc(-c6ccc(Oc7ccc(F)cc7F)cc6)c(C(N)=O)c5N)C4)c3C)ccc2CC1C(=O)NC1CCCc2ccccc21)C(C)(C)C",0.19745902717113495,1,1,1,0.9926077127456665,0.9920224547386169,1,8,-13.51200008392334,0.9961575269699097,"default_job_155",155,0.9860121,-13.536
44,"O=C(NC1CCCc2ccccc21)C1Cc2ccc(OCCCn3cc(CCCNC(=O)N4CCCC(n5ccc(-c6ccc(Oc7ccccc7)cc6)n5)C4)nn3)cc2CN1","CNC(C)C(=O)NC(C(=O)N1Cc2cc(OCCCn3cc(CCCNC(=O)N4CCCC(n5nc(-c6ccc(Oc7ccc(F)cc7F)cc6)c(C(N)=O)c5N)C4)nn3)ccc2CC1C(=O)NC1CCCc2ccccc21)C(C)(C)C",0.24192844331264496,1,1,1,0.9919095635414124,0.9927198886871338,1,9,-13.354000091552734,0.9961573481559753,"default_job_156",156,0.9836206,-13.353
134,"O=C(NC1CCCc2ccccc21)C1Cc2ccc(Oc3ccc(CNC4CCC(NC(=O)N5CCCC(n6ccc(-c7ccc(Oc8ccccc8)cc7)n6)C5)C4)cn3)cc2CN1","CNC(C)C(=O)NC(C(=O)N1Cc2cc(Oc3cc(C)c(CNC4CCC(NC(=O)N5CCCC(n6nc(-c7ccc(Oc8ccc(F)cc8F)cc7)c(C(N)=O)c6N)C5)C4)c(C)n3)ccc2CC1C(=O)NC1CCCc2ccccc21)C(C)(C)C",0.23086008429527283,1,1,1,0.9953710436820984,0.9892545342445374,1,9,-14.329999923706055,0.9961563944816589,"default_job_157",157,0.9823678,-14.325
126,"O=C(NC1CCCc2ccccc21)C1Cc2ccc(OCc3ccc(NCCNC(=O)N4CCCC(n5ccc(-c6ccc(Oc7ccccc7)cc6)n5)C4)cc3)cc2CN1","CNC(C)C(=O)NC(C(=O)N1Cc2cc(OCc3ccc(NCCNC(=O)N4CCCC(n5nc(-c6ccc(Oc7ccc(F)cc7F)cc6)c(C(N)=O)c5N)C4)cc3)ccc2CC1C(=O)NC1CCCc2ccccc21)C(C)(C)C",0.34869593381881714,1,1,1,0.9940651059150696,0.9905529022216797,1,8,-13.895999908447266,0.9961544871330261,"default_job_158",158,0.9822853,-13.938
44,"O=C(NC1CCCc2ccccc21)C1Cc2ccc(OCc3nccc(CCCCCNC(=O)N4CCCC(n5ccc(-c6ccc(Oc7ccccc7)cc6)n5)C4)n3)cc2CN1","CNC(C)C(=O)NC(C(=O)N1Cc2cc(OCc3ncc(Cl)c(CCCCCNC(=O)N4CCCC(n5nc(-c6ccc(Oc7ccc(F)cc7F)cc6)c(C(N)=O)c5N)C4)n3)ccc2CC1C(=O)NC1CCCc2ccccc21)C(C)(C)C",0.19048137962818146,1,1,1,0.9900140166282654,0.994566023349762,1,9,-12.984999656677246,0.9961450099945068,"default_job_159",159,0.98633176,-13.039
194,"O=C(NC1CCCc2ccccc21)C1Cc2ccc(OCCNCCNC3CCN(C(=O)N4CCCC(n5ccc(-c6ccc(Oc7ccccc7)cc6)n5)C4)C3)cc2CN1","CNC(C)C(=O)NC(C(=O)N1Cc2cc(OCCNCCNC3CCN(C(=O)N4CCCC(n5nc(-c6ccc(Oc7ccc(F)cc7F)cc6)c(C(N)=O)c5N)C4)C3)ccc2CC1C(=O)NC1CCCc2ccccc21)C(C)(C)C",0.26167070865631104,1,1,1,0.992658257484436,0.9919111132621765,0,8,-13.52400016784668,0.9961423277854919,"default_job_160",160,0.98648494,-13.569
173,"O=C(NC1CCCc2ccccc21)C1Cc2ccc(OCCNC3CCC3N3CCN(C(=O)N4CCCC(n5ccc(-c6ccc(Oc7ccccc7)cc6)n5)C4)CC3)cc2CN1","CNC(C)C(=O)NC(C(=O)N1Cc2cc(OCCNC3CCC3N3CCN(C(=O)N4CCCC(n5nc(-c6ccc(Oc7ccc(F)cc7F)cc6)c(C(N)=O)c5N)C4)CC3C)ccc2CC1C(=O)NC1CCCc2ccccc21)C(C)(C)C",0.24213270843029022,1,1,1,0.9952555894851685,0.9892333149909973,0,8,-14.286999702453613,0.9961221814155579,"default_job_161",161,0.9825806,-14.31
33,"O=C(NC1CCCc2ccccc21)C1Cc2ccc(OCCCc3cc(CC4CCCN(C(=O)N5CCCC(n6ccc(-c7ccc(Oc8ccccc8)cc7)n6)C5)C4)n(C4CC4)n3)cc2CN1","CNC(C)C(=O)NC(C(=O)N1Cc2cc(OCCCc3cc(CC4CCCN(C(=O)N5CCCC(n6nc(-c7ccc(Oc8ccc(F)cc8F)cc7)c(C(N)=O)c6N)C5)C4)n(C4CC4)n3)ccc2CC1C(=O)NC1CCCc2ccccc21)C(C)(C)C",0.2140287458896637,1,1,1,0.9935665130615234,0.9909124374389648,1,9,-13.755000114440918,0.9961197376251221,"default_job_162",162,0.98259574,-13.734
139,"O=C(NC1CCCc2ccccc21)C1Cc2ccc(OCc3cccc4c3CCC(CCNC(=O)N3CCCC(n5ccc(-c6ccc(Oc7ccccc7)cc6)n5)C3)CC4)cc2CN1","CNC(C)C(=O)NC(C(=O)N1Cc2cc(OCc3cccc4c3CCC(CC(C)NC(=O)N3CCCC(n5nc(-c6ccc(Oc7ccc(F)cc7F)cc6)c(C(N)=O)c5N)C3)CC4)ccc2CC1C(=O)NC1CCCc2ccccc21)C(C)(C)C",0.21909655630588531,1,1,1,0.9935958981513977,0.9908686876296997,1,8,-13.762999534606934,0.9961161613464355,"default_job_163",163,0.98071015,-13.833
192,"O=C(NC1CCCc2ccccc21)C1Cc2ccc(OCCNCCNC3CN(C(=O)N4CCCC(n5ccc(-c6ccc(Oc7ccccc7)cc6)n5)C4)C3)cc2CN1","CNC(C)C(=O)NC(C(=O)N1Cc2cc(OCCNCCN(C)C3CN(C(=O)N4CCCC(n5nc(-c6ccc(Oc7ccc(F)cc7F)cc6)c(C(N)=O)c5N)C4)C3)ccc2CC1C(=O)NC1CCCc2ccccc21)C(C)(C)C",0.26365160942077637,1,1,1,0.9926498532295227,0.9917966723442078,0,8,-13.522000312805176,0.9961116313934326,"default_job_164",164,0.9855123,-13.554
196,"O=C(NC1CCCc2ccccc21)C1Cc2ccc(OC3CC3N3CCC(NCCCNC(=O)N4CCCC(n5ccc(-c6ccc(Oc7ccccc7)cc6)n5)C4)C3)cc2CN1","CNC(C)C(=O)NC(C(=O)N1Cc2cc(OC3CC3N3CCC(NCCCNC(=O)N4CCCC(n5nc(-c6ccc(Oc7ccc(F)cc7F)cc6)c(C(N)=O)c5N)C4)C3)ccc2CC1C(=O)NC1CCCc2ccccc21)C(C)(C)C",0.2091742753982544,1,1,1,0.9925738573074341,0.9918554425239563,0,9,-13.503999710083008,0.996107280254364,"default_job_165",165,0.9847705,-13.51
80,"O=C(NC1CCCc2ccccc21)C1Cc2ccc(OCCCn3cnc(CCNC(=O)N4CCCC(n5ccc(-c6ccc(Oc7ccccc7)cc6)n5)C4)c3)cc2CN1","CNC(C)C(=O)NC(C(=O)N1Cc2cc(OCCCn3cnc(C(C)CNC(=O)N4CCCC(n5nc(-c6ccc(Oc7ccc(F)cc7F)cc6)c(C(N)=O)c5N)C4)c3)ccc2CC1C(=O)NC1CCCc2ccccc21)C(C)(C)C",0.2390516996383667,1,1,1,0.9932807087898254,0.9911434650421143,1,8,-13.678999900817871,0.9961060285568237,"default_job_166",166,0.98445475,-13.664
101,"O=C(NC1CCCc2ccccc21)C1Cc2ccc(OCCCc3cncc(CCNC(=O)N4CCCC(n5ccc(-c6ccc(Oc7ccccc7)cc6)n5)C4)c3)cc2CN1","CNC(C)C(=O)NC(C(=O)N1Cc2cc(OCCCc3cnc(C)c(C(C)(C)CNC(=O)N4CCCC(n5nc(-c6ccc(Oc7ccc(F)cc7F)cc6)c(C(N)=O)c5N)C4)c3)ccc2CC1C(=O)NC1CCCc2ccccc21)C(C)(C)C",0.22228214144706726,1,1,1,0.994051456451416,0.9903700351715088,1,8,-13.892000198364258,0.9961053729057312,"default_job_167",167,0.9853073,-13.891
69,"O=C(NC1CCCc2ccccc21)C1Cc2ccc(OCCCc3cnc(CNC(=O)N4CCCC(n5ccc(-c6ccc(Oc7ccccc7)cc6)n5)C4)cn3)cc2CN1","CNC(C)C(=O)NC(C(=O)N1Cc2cc(OCCCc3cnc(C(C)NC(=O)N4CCCC(n5nc(-c6ccc(Oc7ccc(F)cc7F)cc6)c(C(N)=O)c5N)C4)cn3)ccc2CC1C(=O)NC1CCCc2ccccc21)C(C)(C)C",0.19834266602993011,1,1,1,0.9941794276237488,0.9902369976043701,1,8,-13.930000305175781,0.9961041212081909,"default_job_168",168,0.9811878,-13.9
23,"O=C(NC1CCCc2ccccc21)C1Cc2ccc(OCCCCc3ccc(NC(=O)N4CCCC(n5ccc(-c6ccc(Oc7ccccc7)cc6)n5)C4)cc3)cc2CN1","CNC(C)C(=O)NC(C(=O)N1Cc2cc(OCCC(C)C(C)c3cc(Cl)c(NC(=O)N4CCCC(n5nc(-c6ccc(Oc7ccc(F)cc7F)cc6)c(C(N)=O)c5N)C4)cc3Cl)ccc2CC1C(=O)NC1CCCc2ccccc21)C(C)(C)C",0.28203853964805603,1,1,1,0.9955759048461914,0.9888359308242798,1,8,-14.409000396728516,0.9961029291152954,"default_job_169",169,0.9805554,-14.444
165,"O=C(NC1CCCc2ccccc21)C1Cc2ccc(OCc3cccc(C4CCC(=NC(=O)N5CCCC(n6ccc(-c7ccc(Oc8ccccc8)cc7)n6)C5)N4)c3)cc2CN1","CNC(C)C(=O)NC(C(=O)N1Cc2cc(OCc3ccc(F)c(C4CCC(=NC(=O)N5CCCC(n6nc(-c7ccc(Oc8ccc(F)cc8F)cc7)c(C(N)=O)c6N)C5)N4C)c3)ccc2CC1C(=O)NC1CCCc2ccccc21)C(C)(C)C",0.2289753258228302,1,1,1,0.9972501993179321,0.9871521592140198,1,7,-15.23799991607666,0.9961005449295044,"default_job_170",170,0.98029107,-15.225
39,"O=C(NC1CCCc2ccccc21)C1Cc2ccc(OCCc3cnn(CCCNC(=O)N4CCCC(n5ccc(-c6ccc(Oc7ccccc7)cc6)n5)C4)c3)cc2CN1","CNC(C)C(=O)NC(C(=O)N1Cc2cc(OCCc3cnn(CCCNC(=O)N4CCCC(n5nc(-c6ccc(Oc7ccc(F)cc7F)cc6)c(C(N)=O)c5N)C4)c3C)ccc2CC1C(=O)NC1CCCc2ccccc21)C(C)(C)C",0.21699996292591095,1,1,1,0.993034303188324,0.9913442134857178,1,8,-13.616000175476074,0.9960946440696716,"default_job_171",171,0.9807518,-13.533
39,"O=C(NC1CCCc2ccccc21)C1Cc2ccc(OCc3ncc(CCCCNC(=O)N4CCCC(n5ccc(-c6ccc(Oc7ccccc7)cc6)n5)C4)nn3)cc2CN1","CNC(C)C(=O)NC(C(=O)N1Cc2cc(OCc3nnc(CCCCNC(=O)N4CCCC(n5nc(-c6ccc(Oc7ccc(F)cc7F)cc6)c(C(N)=O)c5N)C4)c(C)n3)ccc2CC1C(=O)NC1CCCc2ccccc21)C(C)(C)C",0.20991277694702148,1,1,1,0.9933571219444275,0.9910110235214233,1,9,-13.699000358581543,0.9960920810699463,"default_job_172",172,0.98380256,-13.67
119,"O=C(NC1CCCc2ccccc21)C1Cc2ccc(OCCCN3CCN(CCNC(=O)N4CCCC(n5ccc(-c6ccc(Oc7ccccc7)cc6)n5)C4)CC3)cc2CN1","CNC(C)C(=O)NC(C(=O)N1Cc2cc(OCCCN3CCN(CCNC(=O)N4CCCC(n5nc(-c6ccc(Oc7ccc(F)cc7F)cc6)c(C(N)=O)c5N)C4)CC3)ccc2CC1C(=O)NC1CCCc2ccccc21)C(C)(C)C",0.21173205971717834,1,1,1,0.9930700659751892,0.9912981390953064,0,9,-13.625,0.9960920810699463,"default_job_173",173,0.97977525,-13.423
8,"O=C(COc1ccc2c(c1)CNC(C(=O)NC1CCCc3ccccc31)C2)Nc1ccc(CNC(=O)N2CCCC(n3ccc(-c4ccc(Oc5ccccc5)cc4)n3)C2)cc1","CNC(C)C(=O)NC(C(=O)N1Cc2cc(OCC(=O)N(C)c3ccc(CNC(=O)N4CCCC(n5nc(-c6ccc(Oc7ccc(F)cc7F)cc6)c(C(N)=O)c5N)C4)cc3)ccc2CC1C(=O)NC1CCCc2ccccc21)C(C)(C)C",0.335966557264328,1,1,1,0.995333731174469,0.9890317320823669,1,8,-14.315999984741211,0.996091365814209,"default_job_174",174,0.98295015,-14.338
126,"O=C(NC1CCCc2ccccc21)C1Cc2ccc(OC3CCCN(Cc4cccc(CNC(=O)N5CCCC(n6ccc(-c7ccc(Oc8ccccc8)cc7)n6)C5)c4)C3)cc2CN1","CNC(C)C(=O)NC(C(=O)N1Cc2cc(OC3CCCN(Cc4cc(F)cc(CNC(=O)N5CCCC(n6nc(-c7ccc(Oc8ccc(F)cc8F)cc7)c(C(N)=O)c6N)C5)c4)C3)ccc2CC1C(=O)NC1CCCc2ccccc21)C(C)(C)C",0.20371194183826447,1,1,1,0.9961290955543518,0.9882346987724304,1,8,-14.642000198364258,0.9960909485816956,"default_job_175",175,0.97894984,-14.706
112,"O=C(NC1CCCc2ccccc21)C1Cc2ccc(OCC3CCc4cc(CNC(=O)N5CCCC(n6ccc(-c7ccc(Oc8ccccc8)cc7)n6)C5)ccc4N3)cc2CN1","CNC(C)C(=O)NC(C(=O)N1Cc2cc(OCC3CCc4cc(CNC(=O)N5CCCC(n6nc(-c7ccc(Oc8ccc(F)cc8F)cc7)c(C(N)=O)c6N)C5)ccc4N3)ccc2CC1C(=O)NC1CCCc2ccccc21)C(C)(C)C",0.26659834384918213,1,1,1,0.9966615438461304,0.9876908659934998,1,8,-14.899999618530273,0.9960881471633911,"default_job_176",176,0.9617712,-14.199
146,"O=C(NC1CCCc2ccccc21)C1Cc2ccc(OCCOc3cccc(C4CC4NC(=O)N4CCCC(n5ccc(-c6ccc(Oc7ccccc7)cc6)n5)C4)c3)cc2CN1","CNC(C)C(=O)NC(C(=O)N1Cc2cc(OCCOc3ccc(C(C)C)c(C4CC4NC(=O)N4CCCC(n5nc(-c6ccc(Oc7ccc(F)cc7F)cc6)c(C(N)=O)c5N)C4)c3)ccc2CC1C(=O)NC1CCCc2ccccc21)C(C)(C)C",0.20413967967033386,1,1,1,0.993050217628479,0.9912930130958557,1,8,-13.619999885559082,0.9960857629776001,"default_job_177",177,0.9821452,-13.587
121,"O=C(NC1CCCc2ccccc21)C1Cc2ccc(OCc3ccc(CNCCNC(=O)N4CCCC(n5ccc(-c6ccc(Oc7ccccc7)cc6)n5)C4)cc3)cc2CN1","CNC(C)C(=O)NC(C(=O)N1Cc2cc(OCc3ccc(CNCCNC(=O)N4CCCC(n5nc(-c6ccc(Oc7ccc(F)cc7F)cc6)c(C(N)=O)c5N)C4)cc3)ccc2CC1C(=O)NC1CCCc2ccccc21)C(C)(C)C",0.23800696432590485,1,1,1,0.9926245808601379,0.9917100667953491,1,9,-13.515999794006348,0.9960836172103882,"default_job_178",178,0.985481,-13.482
114,"O=C(NC1CCCc2ccccc21)C1Cc2ccc(OCC3CCC(NCCNC(=O)N4CCCC(n5ccc(-c6ccc(Oc7ccccc7)cc6)n5)C4)CC3)cc2CN1","CNC(C)C(=O)NC(C(=O)N1Cc2cc(OCC3CCC(NCCNC(=O)N4CCCC(n5nc(-c6ccc(Oc7ccc(F)cc7F)cc6)c(C(N)=O)c5N)C4)CC3)ccc2CC1C(=O)NC1CCCc2ccccc21)C(C)(C)C",0.2775278389453888,1,1,1,0.9940446615219116,0.9902761578559875,0,8,-13.890000343322754,0.996080219745636,"default_job_179",179,0.9837831,-13.893
79,"O=C(NC1CCCc2ccccc21)C1Cc2ccc(OCCCn3cc(CCNC(=O)N4CCCC(n5ccc(-c6ccc(Oc7ccccc7)cc6)n5)C4)nn3)cc2CN1","CNC(C)C(=O)NC(C(=O)N1Cc2cc(OCCCn3nnc(CCNC(=O)N4CCCC(n5nc(-c6ccc(Oc7ccc(F)cc7F)cc6)c(C(N)=O)c5N)C4)c3C)ccc2CC1C(=O)NC1CCCc2ccccc21)C(C)(C)C",0.210826575756073,1,1,1,0.9931370615959167,0.9911773800849915,1,8,-13.642000198364258,0.996078610420227,"default_job_180",180,0.9847948,-13.614
134,"O=C(NC1CCCc2ccccc21)C1Cc2ccc(OC3CCC(CCOCCNC(=O)N4CCCC(n5ccc(-c6ccc(Oc7ccccc7)cc6)n5)C4)CC3)cc2CN1","CNC(C)C(=O)NC(C(=O)N1Cc2cc(OC3CCC(CCOCCNC(=O)N4CCCC(n5nc(-c6ccc(Oc7ccc(F)cc7F)cc6)c(C(N)=O)c5N)C4)CC3)ccc2CC1C(=O)NC1CCCc2ccccc21)C(C)(C)C",0.2158067226409912,1,1,1,0.9920515418052673,0.9922510981559753,0,9,-13.385000228881836,0.9960756897926331,"default_job_181",181,0.9856326,-13.376
120,"O=C(NC1CCCc2ccccc21)C1Cc2ccc(OCc3ccc(NCCNC(=O)N4CCCC(n5ccc(-c6ccc(Oc7ccccc7)cc6)n5)C4)nc3)cc2CN1","CCc1cc(NCCNC(=O)N2CCCC(n3nc(-c4ccc(Oc5ccc(F)cc5F)cc4)c(C(N)=O)c3N)C2)ncc1COc1ccc2c(c1)CN(C(=O)C(NC(=O)C(C)NC)C(C)(C)C)C(C(=O)NC1CCCc3ccccc31)C2",0.3297939896583557,1,1,1,0.9945064187049866,0.9897937774658203,1,8,-14.031000137329102,0.9960750341415405,"default_job_182",182,0.9833346,-14.043
187,"O=C(NC1CCCc2ccccc21)C1Cc2ccc(OC3CC(NCC4CC(NC(=O)N5CCCC(n6ccc(-c7ccc(Oc8ccccc8)cc7)n6)C5)C4)C3)cc2CN1","CNC(C)C(=O)NC(C(=O)N1Cc2cc(OC3CC(NCC4CC(NC(=O)N5CCCC(n6nc(-c7ccc(Oc8ccc(F)cc8F)cc7)c(C(N)=O)c6N)C5)C4)C3)ccc2CC1C(=O)NC1CCCc2ccccc21)C(C)(C)C",0.24791684746742249,1,1,1,0.9949004650115967,0.9893924593925476,0,8,-14.16100025177002,0.9960732460021973,"default_job_183",183,0.9831035,-14.178
135,"O=C(NC1CCCc2ccccc21)C1Cc2ccc(OCc3ccc4c(c3)C(N3CCC(NC(=O)N5CCCC(n6ccc(-c7ccc(Oc8ccccc8)cc7)n6)C5)CC3)CC4)cc2CN1","CNC(C)C(=O)NC(C(=O)N1Cc2cc(OCc3ccc4c(c3)C(N3CCC(NC(=O)N5CCCC(n6nc(-c7ccc(Oc8ccc(F)cc8F)cc7)c(C(N)=O)c6N)C5)CC3)CC4)ccc2CC1C(=O)NC1CCCc2ccccc21)C(C)(C)C",0.27361372113227844,1,1,1,0.9961246252059937,0.9881633520126343,1,9,-14.640000343322754,0.9960720539093018,"default_job_184",184,0.9807696,-14.587
186,"O=C(NC1CCCc2ccccc21)C1Cc2ccc(OCCN3Cc4cnc(CNC(=O)N5CCCC(n6ccc(-c7ccc(Oc8ccccc8)cc7)n6)C5)cc4C3)cc2CN1","CNC(C)C(=O)NC(C(=O)N1Cc2cc(OCCN3Cc4cc(CNC(=O)N5CCCC(n6nc(-c7ccc(Oc8ccc(F)cc8F)cc7)c(C(N)=O)c6N)C5)nc(C)c4C3)ccc2CC1C(=O)NC1CCCc2ccccc21)C(C)(C)C",0.21417827904224396,1,1,1,0.9961246252059937,0.9881433844566345,1,8,-14.640000343322754,0.9960670471191406,"default_job_185",185,0.97789603,-14.645
115,"O=C(NC1CCCc2ccccc21)C1Cc2ccc(OCC3COC(CNCCNC(=O)N4CCCC(n5ccc(-c6ccc(Oc7ccccc7)cc6)n5)C4)C3)cc2CN1","CNC(C)C(=O)NC(C(=O)N1Cc2cc(OCC3COC(CNCCNC(=O)N4CCCC(n5nc(-c6ccc(Oc7ccc(F)cc7F)cc6)c(C(N)=O)c5N)C4)C3)ccc2CC1C(=O)NC1CCCc2ccccc21)C(C)(C)C",0.3201180696487427,1,1,1,0.9927747845649719,0.9914901256561279,0,8,-13.552000045776367,0.9960662126541138,"default_job_186",186,0.9847845,-13.535
86,"O=C(NC1CCCc2ccccc21)C1Cc2ccc(OCCCc3cnnc(CCNC(=O)N4CCCC(n5ccc(-c6ccc(Oc7ccccc7)cc6)n5)C4)c3)cc2CN1","CNC(C)C(=O)NC(C(=O)N1Cc2cc(OCCCc3cc(CCNC(=O)N4CCCC(n5nc(-c6ccc(Oc7ccc(F)cc7F)cc6)c(C(N)=O)c5N)C4)nnc3C)ccc2CC1C(=O)NC1CCCc2ccccc21)C(C)(C)C",0.22021576762199402,1,1,1,0.9928159713745117,0.9914394617080688,1,8,-13.562000274658203,0.9960638284683228,"default_job_187",187,0.9857341,-13.545
28,"O=C(NC1CCCc2ccccc21)C1Cc2ccc(OCCCCc3ccc(NC(=O)N4CCCC(n5ccc(-c6ccc(Oc7ccccc7)cc6)n5)C4)cc3)cc2CN1","CNC(C)C(=O)NC(C(=O)N1Cc2cc(OCCCCc3c(C)cc(NC(=O)N4CCCC(n5nc(-c6ccc(Oc7ccc(F)cc7F)cc6)c(C(N)=O)c5N)C4)c(F)c3F)ccc2CC1C(=O)NC1CCCc2ccccc21)C(C)(C)C",0.26312050223350525,1,1,1,0.9952008724212646,0.9890443682670593,1,8,-14.267000198364258,0.9960613250732422,"default_job_188",188,0.9774815,-14.295
81,"O=C(NC1CCCc2ccccc21)C1Cc2ccc(OCCCn3ccc(CCNC(=O)N4CCCC(n5ccc(-c6ccc(Oc7ccccc7)cc6)n5)C4)c3)cc2CN1","CNC(C)C(=O)NC(C(=O)N1Cc2cc(OC(C)CCn3cc(C)c(C(C)CNC(=O)N4CCCC(n5nc(-c6ccc(Oc7ccc(F)cc7F)cc6)c(C(N)=O)c5N)C4)c3)ccc2CC1C(=O)NC1CCCc2ccccc21)C(C)(C)C",0.20863759517669678,1,1,1,0.9935738444328308,0.9906690120697021,1,8,-13.756999969482422,0.9960607290267944,"default_job_189",189,0.9834079,-13.73
196,"O=C(NC1CCCc2ccccc21)C1Cc2ccc(OCCn3nccc(N4CCC(NC(=O)N5CCCC(n6ccc(-c7ccc(Oc8ccccc8)cc7)n6)C5)C4)c3=O)cc2CN1","CNC(C)C(=O)NC(C(=O)N1Cc2cc(OCCn3nccc(N4CCC(NC(=O)N5CCCC(n6nc(-c7ccc(Oc8ccc(F)cc8F)cc7)c(C(N)=O)c6N)C5)C4)c3=O)ccc2CC1C(=O)NC1CCCc2ccccc21)C(C)(C)C",0.25182515382766724,1,1,1,0.9961423873901367,0.9880859851837158,1,8,-14.64799976348877,0.9960570931434631,"default_job_190",190,0.9839215,-14.686
128,"O=C(NC1CCCc2ccccc21)C1Cc2ccc(OCc3ccc(NCCNC(=O)N4CCCC(n5ccc(-c6ccc(Oc7ccccc7)cc6)n5)C4)nc3)cc2CN1","CNC(C)C(=O)NC(C(=O)N1Cc2cc(OCc3ccc(NCCNC(=O)N4CCCC(n5nc(-c6ccc(Oc7ccc(F)cc7F)cc6)c(C(N)=O)c5N)C4)nc3)ccc2CC1C(=O)NC1CCCc2ccccc21)C(C)(C)C",0.3372640013694763,1,1,1,0.995198130607605,0.9890170693397522,1,8,-14.265999794006348,0.9960538148880005,"default_job_191",191,0.983324,-14.291
189,"O=C(NC1CCCc2ccccc21)C1Cc2ccc(OCn3cnc(CN4CC(NC(=O)N5CCCC(n6ccc(-c7ccc(Oc8ccccc8)cc7)n6)C5)C4)n3)cc2CN1","CNC(C)C(=O)NC(C(=O)N1Cc2cc(OCn3nc(CN4CC(NC(=O)N5CCCC(n6nc(-c7ccc(Oc8ccc(F)cc8F)cc7)c(C(N)=O)c6N)C5)C4)nc3C)ccc2CC1C(=O)NC1CCCc2ccccc21)C(C)(C)C",0.24199578166007996,1,1,1,0.9953974485397339,0.9888109564781189,1,8,-14.34000015258789,0.9960521459579468,"default_job_192",192,0.9808217,-14.317
117,"O=C(NC1CCCc2ccccc21)C1Cc2ccc(OCC3CCC(c4cc(NC(=O)N5CCCC(n6ccc(-c7ccc(Oc8ccccc8)cc7)n6)C5)n[nH]4)CC3)cc2CN1","CNC(C)C(=O)NC(C(=O)N1Cc2cc(OCC3CCC(c4cc(NC(=O)N5CCCC(n6nc(-c7ccc(Oc8ccc(F)cc8F)cc7)c(C(N)=O)c6N)C5)nn4C(C)C)CC3)ccc2CC1C(=O)NC1CCCc2ccccc21)C(C)(C)C",0.28278306126594543,1,1,1,0.9966191053390503,0.9875816106796265,1,8,-14.878000259399414,0.996050238609314,"default_job_193",193,0.983851,-14.867
94,"O=C(NC1CCCc2ccccc21)C1Cc2ccc(OCCCc3ccnc(CCNC(=O)N4CCCC(n5ccc(-c6ccc(Oc7ccccc7)cc6)n5)C4)c3)cc2CN1","CNC(C)C(=O)NC(C(=O)N1Cc2cc(OCCCc3ccnc(CCNC(=O)N4CCCC(n5nc(-c6ccc(Oc7ccc(F)cc7F)cc6)c(C(N)=O)c5N)C4)c3)ccc2CC1C(=O)NC1CCCc2ccccc21)C(C)(C)C",0.2167556881904602,1,1,1,0.9932228326797485,0.9909767508506775,1,8,-13.663999557495117,0.9960498809814453,"default_job_194",194,0.9840752,-13.689
129,"O=C(NC1CCCc2ccccc21)C1Cc2ccc(OCc3ccc4c(c3)C(NCCNC(=O)N3CCCC(n5ccc(-c6ccc(Oc7ccccc7)cc6)n5)C3)CCC4)cc2CN1","CNC(C)C(=O)NC(C(=O)N1Cc2cc(OCc3ccc4c(c3)C(N(C)CC(C)NC(=O)N3CCCC(n5nc(-c6ccc(Oc7ccc(F)cc7F)cc6)c(C(N)=O)c5N)C3)CCC4)ccc2CC1C(=O)NC1CCCc2ccccc21)C(C)(C)C",0.1908663511276245,1,1,1,0.9945283532142639,0.9896573424339294,1,8,-14.038000106811523,0.9960464239120483,"default_job_195",195,0.9833249,-14.06
32,"O=C(NC1CCCc2ccccc21)C1Cc2ccc(OCCc3cc(CCCNC(=O)N4CCCC(n5ccc(-c6ccc(Oc7ccccc7)cc6)n5)C4)c[nH]3)cc2CN1","CNC(C)C(=O)NC(C(=O)N1Cc2cc(OCCc3c(Cl)c(CCCNC(=O)N4CCCC(n5nc(-c6ccc(Oc7ccc(F)cc7F)cc6)c(C(N)=O)c5N)C4)c(C)n3C)ccc2CC1C(=O)NC1CCCc2ccccc21)C(C)(C)C",0.21749109029769897,1,1,1,0.9927871823310852,0.9913927316665649,1,8,-13.555000305175781,0.9960449934005737,"default_job_196",196,0.9809012,-13.503
127,"O=C(NC1CCCc2ccccc21)C1Cc2ccc(OCc3ccc(CNCCNC(=O)N4CCCC(n5ccc(-c6ccc(Oc7ccccc7)cc6)n5)C4)cc3)cc2CN1","CNC(C)C(=O)NC(C(=O)N1Cc2cc(OC(C)c3ccc(CNCCNC(=O)N4CCCC(n5nc(-c6ccc(Oc7ccc(F)cc7F)cc6)c(C(N)=O)c5N)C4)cc3)ccc2CC1C(=O)NC1CCCc2ccccc21)C(C)(C)C",0.21572397649288177,1,1,1,0.9935775399208069,0.9905882477760315,1,9,-13.758000373840332,0.9960414171218872,"default_job_197",197,0.98248476,-13.751
188,"O=C(NC1CCCc2ccccc21)C1Cc2ccc(OCc3cnc(NC4CN(C(=O)N5CCCC(n6ccc(-c7ccc(Oc8ccccc8)cc7)n6)C5)C4)nn3)cc2CN1","CNC(C)C(=O)NC(C(=O)N1Cc2cc(OCc3nnc(NC4CN(C(=O)N5CCCC(n6nc(-c7ccc(Oc8ccc(F)cc8F)cc7)c(C(N)=O)c6N)C5)C4)nc3C)ccc2CC1C(=O)NC1CCCc2ccccc21)C(C)(C)C",0.28100109100341797,1,1,1,0.9972753524780273,0.986879289150238,1,8,-15.253999710083008,0.9960386753082275,"default_job_198",198,0.9765239,-15.435
197,"O=C(NC1CCCc2ccccc21)C1Cc2ccc(OCCN3CCC(OC4CN(C(=O)N5CCCC(n6ccc(-c7ccc(Oc8ccccc8)cc7)n6)C5)C4)C3)cc2CN1","CNC(C)C(=O)NC(C(=O)N1Cc2cc(OCCN3CCC(OC4CN(C(=O)N5CCCC(n6nc(-c7ccc(Oc8ccc(F)cc8F)cc7)c(C(N)=O)c6N)C5)C4)C3)ccc2CC1C(=O)NC1CCCc2ccccc21)C(C)(C)C",0.24974338710308075,1,1,1,0.9954079985618591,0.9887140989303589,0,8,-14.343999862670898,0.9960305690765381,"default_job_199",199,0.98182803,-14.356
