"Step","Scaffold","SMILES","Tanimoto ROCS sim","Custom alerts","Linker Num Aromatic Rings","Linker Effective Length","ADV","PostDock Tanimoto ROCS sim","raw_Linker Num Aromatic Rings","raw_Linker Effective Length","raw_ADV","total_score","ID","idx","PostDock Tanimoto ROCS sim (re-score)","raw_ADV (re-score)","Final Intermolecular Energy","Final Total Internal Energy","Torsional Free Energy","Unbound System's Energy"
172,"O=C(NC1CCCc2ccccc21)C1Cc2ccc(OCCN3CCc4cnc(NC(=O)N5CCCC(n6ccc(-c7ccc(Oc8ccccc8)cc7)n6)C5)cc4C3)cc2CN1","CNC(C)C(=O)NC(C(=O)N1Cc2cc(OCC(C)N3CCc4c(cc(NC(=O)N5CCCC(n6nc(-c7ccc(Oc8ccc(F)cc8F)cc7)c(C(N)=O)c6N)C5)nc4C)C3C)ccc2CC1C(=O)NC1CCCc2ccccc21)C(C)(C)C",0.14890676736831665,1,1,1,0.9975889921188354,0.9956076145172119,1,7,-15.467000007629395,0.9982991814613342,"default_job_0",0,0.9718906,-15.676,-30.798,-2.474,15.121,-2.474
128,"O=C(NC1CCCc2ccccc21)C1Cc2ccc(OCCN3CCc4nc(CNC(=O)N5CCCC(n6ccc(-c7ccc(Oc8ccccc8)cc7)n6)C5)ccc4C3)cc2CN1","CNC(C)C(=O)NC(C(=O)N1Cc2cc(OCCN3CCc4nc(CNC(=O)N5CCCC(n6nc(-c7ccc(Oc8ccc(F)cc8F)cc7)c(C(N)=O)c6N)C5)ccc4C3)ccc2CC1C(=O)NC1CCCc2ccccc21)C(C)(C)C",0.23090004920959473,1,1,1,0.9932305812835693,0.9994369149208069,1,9,-13.666000366210938,0.9981668591499329,"default_job_1",1,0.9817588,-13.971,-29.081,-2.848,15.11,-2.848
24,"O=C(NC1CCCc2ccccc21)C1Cc2ccc(OCCCCCc3ccnc(NC(=O)N4CCCC(n5ccc(-c6ccc(Oc7ccccc7)cc6)n5)C4)c3)cc2CN1","CNC(C)C(=O)NC(C(=O)N1Cc2cc(OCCCCC(C)c3cc(C)nc(NC(=O)N4CCCC(n5nc(-c6ccc(Oc7ccc(F)cc7F)cc6)c(C(N)=O)c5N)C4)c3Cl)ccc2CC1C(=O)NC1CCCc2ccccc21)C(C)(C)C",0.20045731961727142,1,1,1,0.9931995868682861,0.9992756843566895,1,8,-13.657999992370605,0.9981188178062439,"default_job_2",2,0.9869279,-13.83,-30.404,-2.422,16.574,-2.422
187,"O=C(NC1CCCc2ccccc21)C1Cc2ccc(OCCNc3cncnc3N3CCN(C(=O)N4CCCC(n5ccc(-c6ccc(Oc7ccccc7)cc6)n5)C4)CC3)cc2CN1","CNC(C)C(=O)NC(C(=O)N1Cc2cc(OCCNc3cnc(C)nc3N3CCN(C(=O)N4CCCC(n5nc(-c6ccc(Oc7ccc(F)cc7F)cc6)c(C(N)=O)c5N)C4)CC3)ccc2CC1C(=O)NC1CCCc2ccccc21)C(C)(C)C",0.20495779812335968,1,1,1,0.9965663552284241,0.9958233833312988,1,8,-14.85099983215332,0.9980974197387695,"default_job_3",3,0.97657144,-14.97,-30.285,-2.662,15.315,-2.662
189,"O=C(NC1CCCc2ccccc21)C1Cc2ccc(OCCN3CCC(c4cnc(NC(=O)N5CCCC(n6ccc(-c7ccc(Oc8ccccc8)cc7)n6)C5)nc4)C3)cc2CN1","CNc1nc(NC(=O)N2CCCC(n3nc(-c4ccc(Oc5ccc(F)cc5F)cc4)c(C(N)=O)c3N)C2)ncc1C1CCN(CCOc2ccc3c(c2)CN(C(=O)C(NC(=O)C(C)NC)C(C)(C)C)C(C(=O)NC2CCCc4ccccc42)C3)C1",0.25027912855148315,1,1,1,0.9919372200965881,0.9995579123497009,1,9,-13.359999656677246,0.9978737831115723,"default_job_4",4,0.96690667,-14.058,-28.44,-2.887,14.382,-2.887
125,"O=C(NC1CCCc2ccccc21)C1Cc2ccc(OCc3ccc(C4CCCC(NC(=O)N5CCCC(n6ccc(-c7ccc(Oc8ccccc8)cc7)n6)C5)C4)cc3)cc2CN1","CNC(C)C(=O)NC(C(=O)N1Cc2cc(OCc3ccc(C4CCCC(NC(=O)N5CCCC(n6nc(-c7ccc(Oc8ccc(F)cc8F)cc7)c(C(N)=O)c6N)C5)C4C)cc3)ccc2CC1C(=O)NC1CCCc2ccccc21)C(C)(C)C",0.24933050572872162,1,1,1,0.9930064082145691,0.9979221224784851,1,8,-13.609000205993652,0.9977321624755859,"default_job_5",5,0.9654008,-13.996,-28.315,-3.465,14.319,-3.465
195,"O=C(NC1CCCc2ccccc21)C1Cc2ccc(OCC3CNc4nnc(NC5CCN(C(=O)N6CCCC(n7ccc(-c8ccc(Oc9ccccc9)cc8)n7)C6)CC5)cc43)cc2CN1","CNC(C)C(=O)NC(C(=O)N1Cc2cc(OCC3CNc4nnc(NC5CCN(C(=O)N6CCCC(n7nc(-c8ccc(Oc9ccc(F)cc9F)cc8)c(C(N)=O)c7N)C6)CC5)cc43)ccc2CC1C(=O)NC1CCCc2ccccc21)C(C)(C)C",0.2444087117910385,1,1,1,0.9920424222946167,0.99880051612854,1,9,-13.383000373840332,0.9977107644081116,"default_job_6",6,0.9638204,-14.707,-28.894,-3.132,14.186,-3.132
102,"O=C(NC1CCCc2ccccc21)C1Cc2ccc(OCCCc3ccn(CCNC(=O)N4CCCC(n5ccc(-c6ccc(Oc7ccccc7)cc6)n5)C4)c3)cc2CN1","CNC(C)C(=O)NC(C(=O)N1Cc2cc(OCC(C)C(C)c3cc(C)n(CCNC(=O)N4CCCC(n5nc(-c6ccc(Oc7ccc(F)cc7F)cc6)c(C(N)=O)c5N)C4)c3)ccc2CC1C(=O)NC1CCCc2ccccc21)C(C)(C)C",0.2424263209104538,1,1,1,0.9914196133613586,0.9991236329078674,1,8,-13.25100040435791,0.9976357817649841,"default_job_7",7,0.9776045,-13.545,-29.777,-3.088,16.232,-3.088
41,"O=C(NC1CCCc2ccccc21)C1Cc2ccc(OCCCc3ccc(CCNC(=O)N4CCCC(n5ccc(-c6ccc(Oc7ccccc7)cc6)n5)C4)nc3)cc2CN1","CNC(C)C(=O)NC(C(=O)N1Cc2cc(OCCCc3cc(C)c(CCNC(=O)N4CCCC(n5nc(-c6ccc(Oc7ccc(F)cc7F)cc6)c(C(N)=O)c5N)C4)nc3C)ccc2CC1C(=O)NC1CCCc2ccccc21)C(C)(C)C",0.22844761610031128,1,1,1,0.9907273650169373,0.9993308186531067,1,9,-13.114999771118164,0.997514545917511,"default_job_8",8,0.98568547,-13.488,-29.652,-3.004,16.164,-3.004
135,"O=C(NC1CCCc2ccccc21)C1Cc2ccc(OCc3ccc(NCCNC(=O)N4CCCC(n5ccc(-c6ccc(Oc7ccccc7)cc6)n5)C4)nc3)cc2CN1","CCc1nc(NCC(C)NC(=O)N2CCCC(n3nc(-c4ccc(Oc5ccc(F)cc5F)cc4)c(C(N)=O)c3N)C2)ccc1C(C)Oc1ccc2c(c1)CN(C(=O)C(NC(=O)C(C)NC)C(C)(C)C)C(C(=O)NC1CCCc3ccccc31)C2",0.20130224525928497,1,1,1,0.9930581450462341,0.9968396425247192,1,8,-13.621999740600586,0.9974744319915771,"default_job_9",9,0.9773695,-13.923,-29.795,-3.247,15.872,-3.247
16,"O=C(CCOc1ccc2c(c1)CNC(C(=O)NC1CCCc3ccccc31)C2)NCc1ccc(NC(=O)N2CCCC(n3ccc(-c4ccc(Oc5ccccc5)cc4)n3)C2)cc1","CNC(C)C(=O)NC(C(=O)N1Cc2cc(OCCC(=O)NCc3c(Cl)cc(NC(=O)N4CCCC(n5nc(-c6ccc(Oc7ccc(F)cc7F)cc6)c(C(N)=O)c5N)C4)c(Cl)c3C)ccc2CC1C(=O)NC1CCCc2ccccc21)C(C)(C)C",0.21324525773525238,1,1,1,0.9903607368469238,0.9995299577713013,1,9,-13.04699993133545,0.9974726438522339,"default_job_10",10,0.9752319,-13.604,-29.113,-3.166,15.508,-3.166
82,"O=C(NC1CCCc2ccccc21)C1Cc2ccc(OCCCc3cc(CNC(=O)N4CCCC(n5ccc(-c6ccc(Oc7ccccc7)cc6)n5)C4)ncn3)cc2CN1","CNC(C)C(=O)NC(C(=O)N1Cc2cc(OCCCc3cc(C(C)(C)NC(=O)N4CCCC(n5nc(-c6ccc(Oc7ccc(F)cc7F)cc6)c(C(N)=O)c5N)C4)nc(C)n3)ccc2CC1C(=O)NC1CCCc2ccccc21)C(C)(C)C",0.28811997175216675,1,1,1,0.9947373270988464,0.9944396615028381,1,7,-14.105999946594238,0.9972942471504211,"default_job_11",11,0.9750041,-14.291,-30.583,-2.822,16.292,-2.822
199,"O=C(NC1CCCc2ccccc21)C1Cc2ccc(OCCN3CCC(C(=O)N4CCC(NC(=O)N5CCCC(n6ccc(-c7ccc(Oc8ccccc8)cc7)n6)C5)C4)C3)cc2CN1","CNC(C)C(=O)NC(C(=O)N1Cc2cc(OCCN3CCC(C(=O)N4CCC(NC(=O)N5CCCC(n6nc(-c7ccc(Oc8ccc(F)cc8F)cc7)c(C(N)=O)c6N)C5)C4)C3)ccc2CC1C(=O)NC1CCCc2ccccc21)C(C)(C)C",0.27850979566574097,1,1,1,0.9957717657089233,0.9932865500450134,0,9,-14.48799991607666,0.9972646236419678,"default_job_12",12,0.9870162,-14.468,-30.116,-2.801,15.648,-2.801
186,"O=C(NC1CCCc2ccccc21)C1Cc2ccc(OCCc3ncnc(NC4CCN(C(=O)N5CCCC(n6ccc(-c7ccc(Oc8ccccc8)cc7)n6)C5)C4)n3)cc2CN1","CNC(C)C(=O)NC(C(=O)N1Cc2cc(OCCc3nc(C)nc(NC4CCN(C(=O)N5CCCC(n6nc(-c7ccc(Oc8ccc(F)cc8F)cc7)c(C(N)=O)c6N)C5)C4)n3)ccc2CC1C(=O)NC1CCCc2ccccc21)C(C)(C)C",0.20785389840602875,1,1,1,0.996532678604126,0.9923039078712463,1,8,-14.833999633789062,0.9972091317176819,"default_job_13",13,0.9837446,-14.795,-29.931,-2.835,15.136,-2.835
196,"O=C(NC1CCCc2ccccc21)C1Cc2ccc(OCCN3CCC(C(=O)N4CC(NC(=O)N5CCCC(n6ccc(-c7ccc(Oc8ccccc8)cc7)n6)C5)C4)C3)cc2CN1","CNC(C)C(=O)NC(C(=O)N1Cc2cc(OCCN3CCC(C(=O)N4CC(NC(=O)N5CCCC(n6nc(-c7ccc(Oc8ccc(F)cc8F)cc7)c(C(N)=O)c6N)C5)C4)C3)ccc2CC1C(=O)NC1CCCc2ccccc21)C(C)(C)C",0.25556427240371704,1,1,1,0.9892769455909729,0.9995466470718384,0,9,-12.859999656677246,0.9972058534622192,"default_job_14",14,0.9690238,-13.547,-28.198,-2.958,14.651,-2.958
158,"O=C(NC1CCCc2ccccc21)C1Cc2ccc(OCc3ccc4c(c3)C(N3CCC(NC(=O)N5CCCC(n6ccc(-c7ccc(Oc8ccccc8)cc7)n6)C5)CC3)CCC4)cc2CN1","CNC(C)C(=O)NC(C(=O)N1Cc2cc(OCc3cc4c(cc3C)CCC(O)C4N3CCC(NC(=O)N4CCCC(n5nc(-c6ccc(Oc7ccc(F)cc7F)cc6)c(C(N)=O)c5N)C4)CC3)ccc2CC1C(=O)NC1CCCc2ccccc21)C(C)(C)C",0.2538430094718933,1,1,1,0.9964785575866699,0.9922990798950195,1,9,-14.807000160217285,0.9971944093704224,"default_job_15",15,0.9836621,-14.801,-30.376,-3.067,15.575,-3.067
141,"O=C(NC1CCCc2ccccc21)C1Cc2ccc(Oc3ccc(C4CC5(CCNC(=O)N6CCCC(n7ccc(-c8ccc(Oc9ccccc9)cc8)n7)C6)CC6CCC6C4C5)cc3)cc2CN1","CNC(C)C(=O)NC(C(=O)N1Cc2cc(Oc3ccc(C4CC5(CCNC(=O)N6CCCC(n7nc(-c8ccc(Oc9ccc(F)cc9F)cc8)c(C(N)=O)c7N)C6)CC6CCC6C4C5C)cc3)ccc2CC1C(=O)NC1CCCc2ccccc21)C(C)(C)C",0.2585836946964264,1,1,1,0.9959403872489929,0.992774486541748,1,9,-14.559000015258789,0.9971787333488464,"default_job_16",16,0.9861781,-14.555,-30.296,-3.571,15.741,-3.571
134,"O=C(NC1CCCc2ccccc21)C1Cc2ccc(OC3CCN(CCc4ccc(NC(=O)N5CCCC(n6ccc(-c7ccc(Oc8ccccc8)cc7)n6)C5)cc4)C3)cc2CN1","CNC(C)C(=O)NC(C(=O)N1Cc2cc(OC3CCN(CCc4c(C)cc(NC(=O)N5CCCC(n6nc(-c7ccc(Oc8ccc(F)cc8F)cc7)c(C(N)=O)c6N)C5)cc4C)C3)ccc2CC1C(=O)NC1CCCc2ccccc21)C(C)(C)C",0.24870793521404266,1,1,1,0.9959520101547241,0.9925053119659424,1,9,-14.564000129699707,0.997114360332489,"default_job_17",17,0.98225135,-14.541,-30.267,-2.992,15.726,-2.992
126,"O=C(NC1CCCc2ccccc21)C1Cc2ccc(OCC3CN(Cc4ccc(NC(=O)N5CCCC(n6ccc(-c7ccc(Oc8ccccc8)cc7)n6)C5)nc4)CCN3)cc2CN1","CNC(C)C(=O)NC(C(=O)N1Cc2cc(OCC3CN(Cc4ccc(NC(=O)N5CCCC(n6nc(-c7ccc(Oc8ccc(F)cc8F)cc7)c(C(N)=O)c6N)C5)nc4C)CCN3)ccc2CC1C(=O)NC1CCCc2ccccc21)C(C)(C)C",0.2865244746208191,1,1,1,0.9965663552284241,0.9915283918380737,1,9,-14.85099983215332,0.9970237016677856,"default_job_18",18,0.9855673,-14.828,-29.999,-2.801,15.17,-2.801
110,"O=C(NC1CCCc2ccccc21)C1Cc2ccc(OC3CCC(Cc4cccc(CNC(=O)N5CCCC(n6ccc(-c7ccc(Oc8ccccc8)cc7)n6)C5)n4)CC3)cc2CN1","CNC(C)C(=O)NC(C(=O)N1Cc2cc(OC3CCC(Cc4cccc(CNC(=O)N5CCCC(n6nc(-c7ccc(Oc8ccc(F)cc8F)cc7)c(C(N)=O)c6N)C5)n4)CC3)ccc2CC1C(=O)NC1CCCc2ccccc21)C(C)(C)C",0.27964597940444946,1,1,1,0.9957935214042664,0.9922792315483093,1,9,-14.496999740600586,0.9970182180404663,"default_job_19",19,0.98397404,-14.434,-30.044,-3.088,15.61,-3.088
188,"O=C(NC1CCCc2ccccc21)C1Cc2ccc(OCCN3CCC(NC4CN(C(=O)N5CCCC(n6ccc(-c7ccc(Oc8ccccc8)cc7)n6)C5)C4)CC3)cc2CN1","CNC(C)C(=O)NC(C(=O)N1Cc2cc(OCCN3CCC(N(C)C4CN(C(=O)N5CCCC(n6nc(-c7ccc(Oc8ccc(F)cc8F)cc7)c(C(N)=O)c6N)C5)C4)CC3)ccc2CC1C(=O)NC1CCCc2ccccc21)C(C)(C)C",0.26644259691238403,1,1,1,0.996249258518219,0.9917256236076355,0,9,-14.696999549865723,0.9969937205314636,"default_job_20",20,0.9842819,-14.648,-30.491,-2.767,15.842,-2.767
192,"O=C(NC1CCCc2ccccc21)C1Cc2ccc(OCCc3cncc(NC4CCN(C(=O)N5CCCC(n6ccc(-c7ccc(Oc8ccccc8)cc7)n6)C5)C4)n3)cc2CN1","CNC(C)C(=O)NC(C(=O)N1Cc2cc(OCCc3cncc(NC4CCN(C(=O)N5CCCC(n6nc(-c7ccc(Oc8ccc(F)cc8F)cc7)c(C(N)=O)c6N)C5)C4)n3)ccc2CC1C(=O)NC1CCCc2ccccc21)C(C)(C)C",0.2137754112482071,1,1,1,0.996484637260437,0.9911171197891235,1,8,-14.8100004196167,0.9969004392623901,"default_job_21",21,0.9776779,-14.746,-29.832,-2.831,15.086,-2.831
157,"O=C(NC1CCCc2ccccc21)C1Cc2ccc(OCC3CCC(NC4CCN(C(=O)N5CCCC(n6ccc(-c7ccc(Oc8ccccc8)cc7)n6)C5)CC4)C3)cc2CN1","CNC(C)C(=O)NC(C(=O)N1Cc2cc(OCC3CCC(NC4CCN(C(=O)N5CCCC(n6nc(-c7ccc(Oc8ccc(F)cc8F)cc7)c(C(N)=O)c6N)C5)CC4)C3)ccc2CC1C(=O)NC1CCCc2ccccc21)C(C)(C)C",0.34587639570236206,1,1,1,0.99665766954422,0.9909231662750244,0,8,-14.89799976348877,0.9968951940536499,"default_job_22",22,0.98298323,-14.857,-30.057,-2.847,15.2,-2.847
142,"O=C(NC1CCCc2ccccc21)C1Cc2ccc(OC3CC(Cn4cccc4C4CCN(C(=O)N5CCCC(n6ccc(-c7ccc(Oc8ccccc8)cc7)n6)C5)CC4)C3)cc2CN1","CNC(C)C(=O)NC(C(=O)N1Cc2cc(OC3CC(Cn4cc(C)c(C)c4C4CCN(C(=O)N5CCCC(n6nc(-c7ccc(Oc8ccc(F)cc8F)cc7)c(C(N)=O)c6N)C5)CC4)C3)ccc2CC1C(=O)NC1CCCc2ccccc21)C(C)(C)C",0.23408159613609314,1,1,1,0.9968711137771606,0.9906948804855347,1,9,-15.012999534606934,0.9968914985656738,"default_job_23",23,0.9825507,-14.995,-30.335,-2.762,15.34,-2.762
170,"O=C(NC1CCCc2ccccc21)C1Cc2ccc(OC3CCC(c4cc(C5CCN(C(=O)N6CCCC(n7ccc(-c8ccc(Oc9ccccc9)cc8)n7)C6)CC5)n(C5CC5)c4)C3)cc2CN1","CNC(C)C(=O)NC(C(=O)N1Cc2cc(OC3CCC(c4cc(C5CCN(C(=O)N6CCCC(n7nc(-c8ccc(Oc9ccc(F)cc9F)cc8)c(C(N)=O)c7N)C6)CC5)n(C5CC5)c4)C3C)ccc2CC1C(=O)NC1CCCc2ccccc21)C(C)(C)C",0.2439097762107849,1,1,1,0.9972878098487854,0.9902455806732178,1,9,-15.26200008392334,0.9968833327293396,"default_job_24",24,0.98260254,-15.265,-30.881,-3.082,15.617,-3.082
131,"O=C(NC1CCCc2ccccc21)C1Cc2ccc(OC3CCC(CCN4CCCC4CNC(=O)N4CCCC(n5ccc(-c6ccc(Oc7ccccc7)cc6)n5)C4)NC3)cc2CN1","CNC(C)C(=O)NC(C(=O)N1Cc2cc(OC3CCC(C(O)C(C)N4CCCC4CNC(=O)N4CCCC(n5nc(-c6ccc(Oc7ccc(F)cc7F)cc6)c(C(N)=O)c5N)C4)NC3)ccc2CC1C(=O)NC1CCCc2ccccc21)C(C)(C)C",0.2831687033176422,1,1,1,0.9951816201210022,0.9923226237297058,0,9,-14.260000228881836,0.996876060962677,"default_job_25",25,0.9862484,-14.222,-30.851,-3.081,16.629,-3.081
198,"O=C(NC1CCCc2ccccc21)C1Cc2ccc(OC3CC3c3n[nH]c(N4CC(NC(=O)N5CCCC(n6ccc(-c7ccc(Oc8ccccc8)cc7)n6)C5)C4)n3)cc2CN1","CNC(C)C(=O)NC(C(=O)N1Cc2cc(OC3CC3c3nc(N4CC(NC(=O)N5CCCC(n6nc(-c7ccc(Oc8ccc(F)cc8F)cc7)c(C(N)=O)c6N)C5)C4)n(C)n3)ccc2CC1C(=O)NC1CCCc2ccccc21)C(C)(C)C",0.23615451157093048,1,1,1,0.9975215792655945,0.9898324012756348,1,8,-15.418999671936035,0.9968385100364685,"default_job_26",26,0.9846007,-15.416,-30.286,-2.69,14.87,-2.69
193,"O=C(NC1CCN(C(=O)N2CCCC(n3ccc(-c4ccc(Oc5ccccc5)cc4)n3)C2)C1)C1CCN(CCOc2ccc3c(c2)CNC(C(=O)NC2CCCc4ccccc42)C3)C1","CNC(C)C(=O)NC(C(=O)N1Cc2cc(OCCN3CCC(C(=O)NC4CCN(C(=O)N5CCCC(n6nc(-c7ccc(Oc8ccc(F)cc8F)cc7)c(C(N)=O)c6N)C5)C4)C3)ccc2CC1C(=O)NC1CCCc2ccccc21)C(C)(C)C",0.2689811885356903,1,1,1,0.994868278503418,0.9924096465110779,0,9,-14.149999618530273,0.9968194961547852,"default_job_27",27,0.9861702,-14.097,-29.343,-2.838,15.246,-2.838
148,"O=C(NC1CCCc2ccccc21)C1Cc2ccc(OC3CCC(Oc4ccc(NC(=O)N5CCCC(n6ccc(-c7ccc(Oc8ccccc8)cc7)n6)C5)cc4)CC3)cc2CN1","CNC(C)C(=O)NC(C(=O)N1Cc2cc(OC3CCC(Oc4cc(OC)c(NC(=O)N5CCCC(n6nc(-c7ccc(Oc8ccc(F)cc8F)cc7)c(C(N)=O)c6N)C5)cc4C)CC3)ccc2CC1C(=O)NC1CCCc2ccccc21)C(C)(C)C",0.31440192461013794,1,1,1,0.9963026642799377,0.9909509420394897,1,9,-14.722000122070312,0.9968134164810181,"default_job_28",28,0.97960025,-14.683,-30.562,-3.361,15.88,-3.361
120,"O=C(NC1CCCc2ccccc21)C1Cc2ccc(OCCC3COc4cc(CNC(=O)N5CCCC(n6ccc(-c7ccc(Oc8ccccc8)cc7)n6)C5)cnc4O3)cc2CN1","CNC(C)C(=O)NC(C(=O)N1Cc2cc(OCCC3Oc4ncc(CNC(=O)N5CCCC(n6nc(-c7ccc(Oc8ccc(F)cc8F)cc7)c(C(N)=O)c6N)C5)cc4OC3C)ccc2CC1C(=O)NC1CCCc2ccccc21)C(C)(C)C",0.22570931911468506,1,1,1,0.9961357116699219,0.9910759329795837,1,9,-14.645000457763672,0.9968029260635376,"default_job_29",29,0.98176575,-14.642,-30.478,-2.985,15.836,-2.985
121,"O=C(NCc1cccnc1CNC(=O)N1CCCC(n2ccc(-c3ccc(Oc4ccccc4)cc3)n2)C1)C1CC(Oc2ccc3c(c2)CNC(C(=O)NC2CCCc4ccccc42)C3)C1","CNC(C)C(=O)NC(C(=O)N1Cc2cc(OC3CC(C(=O)NCc4ccc(C)nc4CNC(=O)N4CCCC(n5nc(-c6ccc(Oc7ccc(F)cc7F)cc6)c(C(N)=O)c5N)C4)C3C)ccc2CC1C(=O)NC1CCCc2ccccc21)C(C)(C)C",0.188981831073761,1,1,1,0.9941627383232117,0.9929799437522888,1,9,-13.925000190734863,0.9967857003211975,"default_job_30",30,0.9229096,-13.232,-28.317,-2.495,15.084,-2.495
159,"O=C(NC1CCCc2ccccc21)C1Cc2ccc(OCc3cccc(CN4CCN(C(=O)N5CCCC(n6ccc(-c7ccc(Oc8ccccc8)cc7)n6)C5)CC4)c3)cc2CN1","CNC(C)C(=O)NC(C(=O)N1Cc2cc(OCc3c(C)ccc(CN4CCN(C(=O)N5CCCC(n6nc(-c7ccc(Oc8ccc(F)cc8F)cc7)c(C(N)=O)c6N)C5)CC4)c3C)ccc2CC1C(=O)NC1CCCc2ccccc21)C(C)(C)C",0.266056090593338,1,1,1,0.9968476891517639,0.9902942180633545,1,8,-15,0.9967854619026184,"default_job_31",31,0.9838714,-14.992,-30.329,-2.367,15.337,-2.367
152,"O=C(NC1CCCc2ccccc21)C1Cc2ccc(OCc3ccc(OCCCNC(=O)N4CCCC(n5ccc(-c6ccc(Oc7ccccc7)cc6)n5)C4)cc3)cc2CN1","CNC(C)C(=O)NC(C(=O)N1Cc2cc(OCc3cc(C)c(OCCCNC(=O)N4CCCC(n5nc(-c6ccc(Oc7ccc(F)cc7F)cc6)c(C(N)=O)c5N)C4)c(C)c3)ccc2CC1C(=O)NC1CCCc2ccccc21)C(C)(C)C",0.21596315503120422,1,1,1,0.993818998336792,0.9933037757873535,1,9,-13.824999809265137,0.9967806935310364,"default_job_32",32,0.98427653,-13.817,-30.376,-2.64,16.559,-2.64
195,"O=C(NC1CCCc2ccccc21)C1Cc2ccc(OCCN3CCC(N4CCN(C(=O)N5CCCC(n6ccc(-c7ccc(Oc8ccccc8)cc7)n6)C5)CC4)C3)cc2CN1","CNC(C)C(=O)NC(C(=O)N1Cc2cc(OCC(C)N3CCC(N4CCN(C(=O)N5CCCC(n6nc(-c7ccc(Oc8ccc(F)cc8F)cc7)c(C(N)=O)c6N)C5)CC4)C3)ccc2CC1C(=O)NC1CCCc2ccccc21)C(C)(C)C",0.28648442029953003,1,1,1,0.9959797859191895,0.991131067276001,0,8,-14.576000213623047,0.9967777132987976,"default_job_33",33,0.9797514,-14.6,-29.537,-2.882,14.937,-2.882
133,"O=C(CNC(=O)N1CCCC(n2ccc(-c3ccc(Oc4ccccc4)cc3)n2)C1)NC1CCCc2ccc(COc3ccc4c(c3)CNC(C(=O)NC3CCCc5ccccc53)C4)cc21","CNC(C)C(=O)NC(C(=O)N1Cc2cc(OCc3ccc4c(c3)C(NC(=O)CNC(=O)N3CCCC(n5nc(-c6ccc(Oc7ccc(F)cc7F)cc6)c(C(N)=O)c5N)C3)CCC4)ccc2CC1C(=O)NC1CCCc2ccccc21)C(C)(C)C",0.2075275182723999,1,1,1,0.9958271384239197,0.9912821650505066,1,8,-14.51099967956543,0.996777355670929,"default_job_34",34,0.9827835,-14.511,-30.206,-2.95,15.694,-2.95
148,"O=C(NC1CCCc2ccccc21)C1Cc2ccc(OCCCCOc3ccc(NC(=O)N4CCCC(n5ccc(-c6ccc(Oc7ccccc7)cc6)n5)C4)nc3C3CC3)cc2CN1","CNC(C)C(=O)NC(C(=O)N1Cc2cc(OCCCCOc3ccc(NC(=O)N4CCCC(n5nc(-c6ccc(Oc7ccc(F)cc7F)cc6)c(C(N)=O)c5N)C4)nc3C3CC3)ccc2CC1C(=O)NC1CCCc2ccccc21)C(C)(C)C",0.24816067516803741,1,1,1,0.9876798391342163,0.9993994235992432,1,9,-12.616000175476074,0.9967698454856873,"default_job_35",35,0.9778648,-12.785,-28.107,-2.436,15.322,-2.436
150,"O=C(NC1CCCc2ccccc21)C1Cc2ccc(OCCOc3ccc4c(c3)CCC(NC(=O)N3CCCC(n5ccc(-c6ccc(Oc7ccccc7)cc6)n5)C3)CC4)cc2CN1","CNC(C)C(=O)NC(C(=O)N1Cc2cc(OCCOc3cc(C)c4c(c3C)CCC(NC(=O)N3CCCC(n5nc(-c6ccc(Oc7ccc(F)cc7F)cc6)c(C(N)=O)c5N)C3)CC4)ccc2CC1C(=O)NC1CCCc2ccccc21)C(C)(C)C",0.265769362449646,1,1,1,0.9962770938873291,0.9907816052436829,1,9,-14.710000038146973,0.9967646598815918,"default_job_36",36,0.9849517,-14.724,-30.648,-2.924,15.924,-2.924
155,"O=C(NC1CCCc2ccccc21)C1Cc2ccc(OCC3CC3c3ccc(CNC(=O)N4CCCC(n5ccc(-c6ccc(Oc7ccccc7)cc6)n5)C4)nc3)cc2CN1","CNC(C)C(=O)NC(C(=O)N1Cc2cc(OCC3(C)CC3c3ccc(CNC(=O)N4CCCC(n5nc(-c6ccc(Oc7ccc(F)cc7F)cc6)c(C(N)=O)c5N)C4)nc3C)ccc2CC1C(=O)NC1CCCc2ccccc21)C(C)(C)C",0.234963521361351,1,1,1,0.9956687092781067,0.9913507103919983,1,8,-14.446000099182129,0.9967548251152039,"default_job_37",37,0.97681636,-14.088,-29.324,-3.367,15.236,-3.367
19,"O=C(NC1CCCc2ccccc21)C1Cc2ccc(OCc3ccc(C4CC4CNC(=O)N4CCCC(n5ccc(-c6ccc(Oc7ccccc7)cc6)n5)C4)cc3)cc2CN1","CNC(C)C(=O)NC(C(=O)N1Cc2cc(OCc3c(F)cc(C4CC4CNC(=O)N4CCCC(n5nc(-c6ccc(Oc7ccc(F)cc7F)cc6)c(C(N)=O)c5N)C4)c(C)c3F)ccc2CC1C(=O)NC1CCCc2ccccc21)C(C)(C)C",0.20692849159240723,1,1,1,0.9959240555763245,0.9910939931869507,1,8,-14.552000045776367,0.99675452709198,"default_job_38",38,0.98439467,-14.402,-29.977,-3.21,15.575,-3.21
197,"O=C(NC1CCCc2ccccc21)C1Cc2ccc(OCCc3ccnc(N4CCN(C(=O)N5CCCC(n6ccc(-c7ccc(Oc8ccccc8)cc7)n6)C5)CC4)n3)cc2CN1","CNC(C)C(=O)NC(C(=O)N1Cc2cc(OCCc3nc(N4CCN(C(=O)N5CCCC(n6nc(-c7ccc(Oc8ccc(F)cc8F)cc7)c(C(N)=O)c6N)C5)CC4)ncc3CN)ccc2CC1C(=O)NC1CCCc2ccccc21)C(C)(C)C",0.2058936208486557,1,1,1,0.9963427186012268,0.9906440377235413,1,8,-14.741000175476074,0.9967466592788696,"default_job_39",39,0.97982454,-14.772,-30.317,-2.652,15.545,-2.652
169,"O=C(NC1CCCc2ccccc21)C1Cc2ccc(OCCc3cncc(NC4CCN(C(=O)N5CCCC(n6ccc(-c7ccc(Oc8ccccc8)cc7)n6)C5)C4)c3)cc2CN1","CNC(C)C(=O)NC(C(=O)N1Cc2cc(OCCc3cc(NC4CCN(C(=O)N5CCCC(n6nc(-c7ccc(Oc8ccc(F)cc8F)cc7)c(C(N)=O)c6N)C5)C4)cnc3C)ccc2CC1C(=O)NC1CCCc2ccccc21)C(C)(C)C",0.2183895856142044,1,1,1,0.995747447013855,0.9912269115447998,1,8,-14.477999687194824,0.9967436194419861,"default_job_40",40,0.9849451,-14.463,-30.105,-2.63,15.642,-2.63
133,"O=C(NC1CCCc2ccccc21)C1Cc2ccc(OC3CCC(C4CCC(CNC(=O)N5CCCC(n6ccc(-c7ccc(Oc8ccccc8)cc7)n6)C5)N4)CC3)cc2CN1","CNC(C)C(=O)NC(C(=O)N1Cc2cc(OC3CCC(C4CCC(CNC(=O)N5CCCC(n6nc(-c7ccc(Oc8ccc(F)cc8F)cc7)c(C(N)=O)c6N)C5)N4)CC3)ccc2CC1C(=O)NC1CCCc2ccccc21)C(C)(C)C",0.2782457768917084,1,1,1,0.996665358543396,0.9902568459510803,0,8,-14.902000427246094,0.9967305660247803,"default_job_41",41,0.9823068,-14.865,-30.073,-2.951,15.208,-2.951
126,"O=C(NC1CCCc2ccccc21)C1Cc2ccc(OCC3CCC(NC4CCN(C(=O)N5CCCC(n6ccc(-c7ccc(Oc8ccccc8)cc7)n6)C5)C4)CC3)cc2CN1","CNC(C)C(=O)NC(C(=O)N1Cc2cc(OCC3CCC(NC4CCN(C(=O)N5CCCC(n6nc(-c7ccc(Oc8ccc(F)cc8F)cc7)c(C(N)=O)c6N)C5)C4)CC3)ccc2CC1C(=O)NC1CCCc2ccccc21)C(C)(C)C",0.3387896418571472,1,1,1,0.9964624047279358,0.9904526472091675,0,8,-14.798999786376953,0.996728777885437,"default_job_42",42,0.9825418,-14.797,-29.936,-2.851,15.138,-2.851
132,"O=C(NC1CCCc2ccccc21)C1Cc2ccc(OCCNc3ccc(CCNC(=O)N4CCCC(n5ccc(-c6ccc(Oc7ccccc7)cc6)n5)C4)cn3)cc2CN1","CNC(C)C(=O)NC(C(=O)N1Cc2cc(OCCNc3cc(C)c(CC(C)NC(=O)N4CCCC(n5nc(-c6ccc(Oc7ccc(F)cc7F)cc6)c(C(N)=O)c5N)C4)c(C)n3)ccc2CC1C(=O)NC1CCCc2ccccc21)C(C)(C)C",0.22685019671916962,1,1,1,0.9949092268943787,0.9919905066490173,1,9,-14.163999557495117,0.9967249631881714,"default_job_43",43,0.9853886,-14.158,-30.298,-3.087,16.14,-3.087
196,"O=C(CN1CCC(NC(=O)N2CCCC(n3ccc(-c4ccc(Oc5ccccc5)cc4)n3)C2)C1=O)NCCOc1ccc2c(c1)CNC(C(=O)NC1CCCc3ccccc31)C2","CNC(C)C(=O)NC(C(=O)N1Cc2cc(OCCNC(=O)CN3CCC(NC(=O)N4CCCC(n5nc(-c6ccc(Oc7ccc(F)cc7F)cc6)c(C(N)=O)c5N)C4)C3=O)ccc2CC1C(=O)NC1CCCc2ccccc21)C(C)(C)C",0.17521880567073822,1,1,1,0.9949237704277039,0.991972804069519,0,8,-14.168999671936035,0.9967241287231445,"default_job_44",44,0.9845654,-14.106,-30.186,-2.969,16.08,-2.969
129,"O=C(NC1CCCc2ccccc21)C1Cc2ccc(OCCNc3cccc(NCCNC(=O)N4CCCC(n5ccc(-c6ccc(Oc7ccccc7)cc6)n5)C4)n3)cc2CN1","CNC(C)C(=O)NC(C(=O)N1Cc2cc(OCCNc3cccc(NCCNC(=O)N4CCCC(n5nc(-c6ccc(Oc7ccc(F)cc7F)cc6)c(C(N)=O)c5N)C4)n3)ccc2CC1C(=O)NC1CCCc2ccccc21)C(C)(C)C",0.2258884161710739,1,1,1,0.9935628175735474,0.9932143688201904,1,9,-13.753999710083008,0.9966942667961121,"default_job_45",45,0.98726726,-13.719,-30.161,-2.767,16.442,-2.767
159,"O=C(NC1CCCc2ccccc21)C1Cc2ccc(OCc3cccc(C(C4CC4)N4CCC(NC(=O)N5CCCC(n6ccc(-c7ccc(Oc8ccccc8)cc7)n6)C5)CC4)c3)cc2CN1","CNC(C)C(=O)NC(C(=O)N1Cc2cc(OCc3cc(C(C4CC4)N4CCC(NC(=O)N5CCCC(n6nc(-c7ccc(Oc8ccc(F)cc8F)cc7)c(C(N)=O)c6N)C5)CC4)c(OC)cc3C)ccc2CC1C(=O)NC1CCCc2ccccc21)C(C)(C)C",0.30203497409820557,1,1,1,0.993319034576416,0.9934341311454773,1,9,-13.689000129699707,0.9966883063316345,"default_job_46",46,0.9841897,-13.665,-30.042,-2.944,16.377,-2.944
166,"O=C(NC1CCCc2ccccc21)C1Cc2ccc(OCc3cncc(C4CCNC4C4CN(C(=O)N5CCCC(n6ccc(-c7ccc(Oc8ccccc8)cc7)n6)C5)C4)c3)cc2CN1","CNC(C)C(=O)NC(C(=O)N1Cc2cc(OCc3c(C)nc(C)c(C4CCN(C)C4C4(C)CN(C(=O)N5CCCC(n6nc(-c7ccc(Oc8ccc(F)cc8F)cc7)c(C(N)=O)c6N)C5)C4)c3C)ccc2CC1C(=O)NC1CCCc2ccccc21)C(C)(C)C",0.20295333862304688,1,1,1,0.9969543814659119,0.989730715751648,1,8,-15.0600004196167,0.9966713190078735,"default_job_47",47,0.9842312,-15.054,-30.456,-2.663,15.401,-2.663
124,"O=C(NC1CCCc2ccccc21)C1Cc2ccc(OC3CC(CN4CCC(NC(=O)N5CCCC(n6ccc(-c7ccc(Oc8ccccc8)cc7)n6)C5)CC4)C3)cc2CN1","CNC(C)C(=O)NC(C(=O)N1Cc2cc(OC3CC(C(C)N4CCC(NC(=O)N5CCCC(n6nc(-c7ccc(Oc8ccc(F)cc8F)cc7)c(C(N)=O)c6N)C5)CC4)C3)ccc2CC1C(=O)NC1CCCc2ccccc21)C(C)(C)C",0.27408337593078613,1,1,1,0.9963906407356262,0.9902282357215881,0,8,-14.763999938964844,0.9966546893119812,"default_job_48",48,0.9834777,-14.775,-29.891,-3.042,15.116,-3.042
125,"O=C(NC1CCCc2ccccc21)C1Cc2ccc(OCc3ccc(C4CC4CNC(=O)N4CCCC(n5ccc(-c6ccc(Oc7ccccc7)cc6)n5)C4)cc3)cc2CN1","CNC(C)C(=O)NC(C(=O)N1Cc2cc(OCc3ccc(C4CC4CNC(=O)N4CCCC(n5nc(-c6ccc(Oc7ccc(F)cc7F)cc6)c(C(N)=O)c5N)C4)cc3)ccc2CC1C(=O)NC1CCCc2ccccc21)C(C)(C)C",0.20718617737293243,1,1,1,0.9952636957168579,0.9913217425346375,1,8,-14.289999961853027,0.9966463446617126,"default_job_49",49,0.98350275,-14.265,-29.693,-2.938,15.428,-2.938
111,"O=C(NC1CCCc2ccccc21)C1Cc2ccc(OCCCCC(=O)N3CCCC(CNC(=O)N4CCCC(n5ccc(-c6ccc(Oc7ccccc7)cc6)n5)C4)C3)cc2CN1","CCC(COc1ccc2c(c1)CN(C(=O)C(NC(=O)C(C)NC)C(C)(C)C)C(C(=O)NC1CCCc3ccccc31)C2)CC(C)C(=O)N1CCCC(CNC(=O)N2CCCC(n3nc(-c4ccc(Oc5ccc(F)cc5F)cc4)c(C(N)=O)c3N)C2)C1",0.23237325251102448,1,1,1,0.9931488633155823,0.9934318661689758,0,9,-13.645000457763672,0.9966451525688171,"default_job_50",50,0.98625267,-13.644,-30.792,-3.799,17.148,-3.799
190,"O=C(NC1CCCc2ccccc21)C1Cc2ccc(OCCN3CCCC(c4cc(NC(=O)N5CCCC(n6ccc(-c7ccc(Oc8ccccc8)cc7)n6)C5)ncn4)C3)cc2CN1","CNC(C)C(=O)NC(C(=O)N1Cc2cc(OCCN3CCCC(c4cc(NC(=O)N5CCCC(n6nc(-c7ccc(Oc8ccc(F)cc8F)cc7)c(C(N)=O)c6N)C5)nc(C)n4)C3)ccc2CC1C(=O)NC1CCCc2ccccc21)C(C)(C)C",0.2467803806066513,1,1,1,0.9969925880432129,0.9895702004432678,1,8,-15.081999778747559,0.996640682220459,"default_job_51",51,0.98178476,-15.083,-30.513,-2.903,15.43,-2.903
183,"O=C(NC1CCCc2ccccc21)C1Cc2ccc(Oc3ncn(C4CCN(CCNC(=O)N5CCCC(n6ccc(-c7ccc(Oc8ccccc8)cc7)n6)C5)C4)n3)cc2CN1","CNC(C)C(=O)NC(C(=O)N1Cc2cc(Oc3ncn(C4CN(CCNC(=O)N5CCCC(n6nc(-c7ccc(Oc8ccc(F)cc8F)cc7)c(C(N)=O)c6N)C5)CC4C)n3)ccc2CC1C(=O)NC1CCCc2ccccc21)C(C)(C)C",0.2761864960193634,1,1,1,0.996021032333374,0.9905152916908264,1,8,-14.593999862670898,0.9966340661048889,"default_job_52",52,0.9825934,-14.592,-30.373,-2.69,15.781,-2.69
132,"O=C(NC1CCCc2ccccc21)C1Cc2ccc(OC3CCCC(NC4CCCC(NC(=O)N5CCCC(n6ccc(-c7ccc(Oc8ccccc8)cc7)n6)C5)C4)C3)cc2CN1","CNC(C)C(=O)NC(C(=O)N1Cc2cc(OC3CCCC(NC4CCCC(NC(=O)N5CCCC(n6nc(-c7ccc(Oc8ccc(F)cc8F)cc7)c(C(N)=O)c6N)C5)C4)C3C)ccc2CC1C(=O)NC1CCCc2ccccc21)C(C)(C)C",0.22421815991401672,1,1,1,0.996177613735199,0.9903412461280823,0,7,-14.663999557495117,0.9966297149658203,"default_job_53",53,0.982593,-14.658,-29.653,-2.816,14.996,-2.816
138,"O=C(NC1CCCc2ccccc21)C1Cc2ccc(OCC(=O)N3CC(NCCNC(=O)N4CCCC(n5ccc(-c6ccc(Oc7ccccc7)cc6)n5)C4)C3)cc2CN1","CNC(C)C(=O)NC(C(=O)N1Cc2cc(OCC(=O)N3CC(NCCNC(=O)N4CCCC(n5nc(-c6ccc(Oc7ccc(F)cc7F)cc6)c(C(N)=O)c5N)C4)C3)ccc2CC1C(=O)NC1CCCc2ccccc21)C(C)(C)C",0.2269061803817749,1,1,1,0.993253767490387,0.9932619333267212,0,8,-13.67199993133545,0.9966288805007935,"default_job_54",54,0.9834322,-13.738,-29.398,-2.599,15.66,-2.599
124,"O=C(CNC(=O)N1CCCC(n2ccc(-c3ccc(Oc4ccccc4)cc3)n2)C1)NCCN1CC(Oc2ccc3c(c2)CNC(C(=O)NC2CCCc4ccccc42)C3)C1","CNC(C)C(=O)NC(C(=O)N1Cc2cc(OC3CN(CCNC(=O)CNC(=O)N4CCCC(n5nc(-c6ccc(Oc7ccc(F)cc7F)cc6)c(C(N)=O)c5N)C4)C3)ccc2CC1C(=O)NC1CCCc2ccccc21)C(C)(C)C",0.2145567238330841,1,1,1,0.9941191673278809,0.992350161075592,0,8,-13.911999702453613,0.996617317199707,"default_job_55",55,0.98296016,-13.87,-29.682,-2.733,15.812,-2.733
124,"O=C(NC1CCCc2ccccc21)C1Cc2ccc(OCc3ccc(NC4CCCC(NC(=O)N5CCCC(n6ccc(-c7ccc(Oc8ccccc8)cc7)n6)C5)C4)cc3)cc2CN1","CCc1cc(COc2ccc3c(c2)CN(C(=O)C(NC(=O)C(C)NC)C(C)(C)C)C(C(=O)NC2CCCc4ccccc42)C3)ccc1NC1CCCC(NC(=O)N2CCCC(n3nc(-c4ccc(Oc5ccc(F)cc5F)cc4)c(C(N)=O)c3N)C2)C1",0.2989445626735687,1,1,1,0.993808388710022,0.9926178455352783,1,9,-13.821999549865723,0.9966065287590027,"default_job_56",56,0.9867916,-13.802,-29.536,-3.204,15.734,-3.204
111,"O=C(NC1CCCc2ccccc21)C1Cc2ccc(OCCNC3CCN(CCNC(=O)N4CCCC(n5ccc(-c6ccc(Oc7ccccc7)cc6)n5)C4)CC3)cc2CN1","CNC(C)C(=O)NC(C(=O)N1Cc2cc(OC(C)CNC3CCN(CCNC(=O)N4CCCC(n5nc(-c6ccc(Oc7ccc(F)cc7F)cc6)c(C(N)=O)c5N)C4)CC3)ccc2CC1C(=O)NC1CCCc2ccccc21)C(C)(C)C",0.22520624101161957,1,1,1,0.9938437342643738,0.9925523996353149,0,9,-13.831999778747559,0.9965990781784058,"default_job_57",57,0.98501617,-13.819,-30.38,-3.071,16.561,-3.071
188,"O=C(NC1CCCc2ccccc21)C1Cc2ccc(OCCNC(=O)C3CC3N3CCN(C(=O)N4CCCC(n5ccc(-c6ccc(Oc7ccccc7)cc6)n5)C4)CC3)cc2CN1","CNC(C)C(=O)NC(C(=O)N1Cc2cc(OCCNC(=O)C3CC3N3CCN(C(=O)N4CCCC(n5nc(-c6ccc(Oc7ccc(F)cc7F)cc6)c(C(N)=O)c5N)C4)CC3)ccc2CC1C(=O)NC1CCCc2ccccc21)C(C)(C)C",0.254988431930542,1,1,1,0.9949959516525269,0.9913859963417053,0,9,-14.194000244140625,0.9965955018997192,"default_job_58",58,0.9806394,-14.154,-29.461,-2.346,15.307,-2.346
189,"O=C(NC1CCCc2ccccc21)C1Cc2ccc(OCCNc3cncc(NCCNC(=O)N4CCCC(n5ccc(-c6ccc(Oc7ccccc7)cc6)n5)C4)n3)cc2CN1","CNC(C)C(=O)NC(C(=O)N1Cc2cc(OCCNc3nc(NCCNC(=O)N4CCCC(n5nc(-c6ccc(Oc7ccc(F)cc7F)cc6)c(C(N)=O)c5N)C4)cnc3C)ccc2CC1C(=O)NC1CCCc2ccccc21)C(C)(C)C",0.19724410772323608,1,1,1,0.993675947189331,0.992705762386322,1,9,-13.78499984741211,0.9965954422950745,"default_job_59",59,0.9847003,-13.785,-30.305,-2.98,16.52,-2.98
162,"O=C(NC1CCCc2ccccc21)C1Cc2ccc(OCc3cccc(CN4CCC(NC(=O)N5CCCC(n6ccc(-c7ccc(Oc8ccccc8)cc7)n6)C5)C4)c3)cc2CN1","CNC(C)C(=O)NC(C(=O)N1Cc2cc(OCc3c(C)cc(OC)c(CN4CCC(NC(=O)N5CCCC(n6nc(-c7ccc(Oc8ccc(F)cc8F)cc7)c(C(N)=O)c6N)C5)C4)c3C)ccc2CC1C(=O)NC1CCCc2ccccc21)C(C)(C)C",0.24515166878700256,1,1,1,0.994874119758606,0.9914781451225281,1,8,-14.152000427246094,0.9965880513191223,"default_job_60",60,0.9838105,-14.247,-30.489,-2.434,16.241,-2.434
10,"O=C(CCCOc1ccc2c(c1)CNC(C(=O)NC1CCCc3ccccc31)C2)Nc1ccc(NC(=O)N2CCCC(n3ccc(-c4ccc(Oc5ccccc5)cc4)n3)C2)cc1","CNC(C)C(=O)NC(C(=O)N1Cc2cc(OCCCC(=O)N(C)c3ccc(NC(=O)N4CCCC(n5nc(-c6ccc(Oc7ccc(F)cc7F)cc6)c(C(N)=O)c5N)C4)cc3C)ccc2CC1C(=O)NC1CCCc2ccccc21)C(C)(C)C",0.26423901319503784,1,1,1,0.9944653511047363,0.9918838143348694,1,9,-14.017999649047852,0.9965872764587402,"default_job_61",61,0.98549086,-14.007,-29.974,-2.822,15.967,-2.822
130,"O=C(NC1CCCc2ccccc21)C1Cc2ccc(OC3CCN(Cc4ccc(NC(=O)N5CCCC(n6ccc(-c7ccc(Oc8ccccc8)cc7)n6)C5)cc4)CC3)cc2CN1","CNC(C)C(=O)NC(C(=O)N1Cc2cc(OC3CCN(Cc4c(C)cc(NC(=O)N5CCCC(n6nc(-c7ccc(Oc8ccc(F)cc8F)cc7)c(C(N)=O)c6N)C5)cc4C)CC3)ccc2CC1C(=O)NC1CCCc2ccccc21)C(C)(C)C",0.2688583433628082,1,1,1,0.99665766954422,0.9896314144134521,1,9,-14.89799976348877,0.9965722560882568,"default_job_62",62,0.9834885,-14.893,-30.128,-3.105,15.236,-3.105
196,"O=C(NC1CCCc2ccccc21)C1Cc2ccc(OCCN3CCC(NCC4CCN(C(=O)N5CCCC(n6ccc(-c7ccc(Oc8ccccc8)cc7)n6)C5)C4)C3)cc2CN1","CNC(C)C(=O)NC(C(=O)N1Cc2cc(OCCN3CCC(NC(C)C4CCN(C(=O)N5CCCC(n6nc(-c7ccc(Oc8ccc(F)cc8F)cc7)c(C(N)=O)c6N)C5)C4)C3)ccc2CC1C(=O)NC1CCCc2ccccc21)C(C)(C)C",0.24822527170181274,1,1,1,0.9948505759239197,0.9913769960403442,0,9,-14.144000053405762,0.9965568780899048,"default_job_63",63,0.9239117,-13.124,-28.084,-3.109,14.961,-3.109
183,"O=C(NC1CCCc2ccccc21)C1Cc2ccc(OCn3ccc(N4CCN(C(=O)N5CCCC(n6ccc(-c7ccc(Oc8ccccc8)cc7)n6)C5)CC4)n3)cc2CN1","CNC(C)C(=O)NC(C(=O)N1Cc2cc(OCn3ccc(N4CCN(C(=O)N5CCCC(n6nc(-c7ccc(Oc8ccc(F)cc8F)cc7)c(C(N)=O)c6N)C5)CC4)n3)ccc2CC1C(=O)NC1CCCc2ccccc21)C(C)(C)C",0.3803393542766571,1,1,1,0.997665286064148,0.9885583519935608,1,7,-15.52299976348877,0.9965559244155884,"default_job_64",64,0.971225,-15.581,-29.7,-2.505,14.119,-2.505
196,"O=C(NC1CCCc2ccccc21)C1Cc2ccc(OCCNC3CCN(CC4CN(C(=O)N5CCCC(n6ccc(-c7ccc(Oc8ccccc8)cc7)n6)C5)C4)C3)cc2CN1","CNC(C)C(=O)NC(C(=O)N1Cc2cc(OCCNC3CCN(CC4CN(C(=O)N5CCCC(n6nc(-c7ccc(Oc8ccc(F)cc8F)cc7)c(C(N)=O)c6N)C5)C4)C3)ccc2CC1C(=O)NC1CCCc2ccccc21)C(C)(C)C",0.2914172112941742,1,1,1,0.9947853088378906,0.991434633731842,0,9,-14.121999740600586,0.996554970741272,"default_job_65",65,0.9858566,-14.117,-30.21,-2.708,16.093,-2.708
188,"O=C(NC1CCCc2ccccc21)C1Cc2ccc(OCCNC3CC3CC3CN(C(=O)N4CCCC(n5ccc(-c6ccc(Oc7ccccc7)cc6)n5)C4)C3)cc2CN1","CNC(C)C(=O)NC(C(=O)N1Cc2cc(OCCNC3CC3CC3CN(C(=O)N4CCCC(n5nc(-c6ccc(Oc7ccc(F)cc7F)cc6)c(C(N)=O)c5N)C4)C3)ccc2CC1C(=O)NC1CCCc2ccccc21)C(C)(C)C",0.24535828828811646,1,1,1,0.9940820336341858,0.9921146035194397,0,8,-13.901000022888184,0.996549129486084,"default_job_66",66,0.98521453,-13.872,-29.686,-2.659,15.814,-2.659
120,"O=C(NC1CCCc2ccccc21)C1Cc2ccc(OCC3CCC(C=CCCNC(=O)N4CCCC(n5ccc(-c6ccc(Oc7ccccc7)cc6)n5)C4)CC3)cc2CN1","CCC(Oc1ccc2c(c1)CN(C(=O)C(NC(=O)C(C)NC)C(C)(C)C)C(C(=O)NC1CCCc3ccccc31)C2)C1CCC(C=CC(C)CNC(=O)N2CCCC(n3nc(-c4ccc(Oc5ccc(F)cc5F)cc4)c(C(N)=O)c3N)C2)CC1",0.2970285415649414,1,1,1,0.9930660724639893,0.9931169748306274,0,9,-13.62399959564209,0.9965457916259766,"default_job_67",67,0.98515666,-13.61,-29.922,-3.254,16.311,-3.254
192,"O=C(NC1CCCc2ccccc21)C1Cc2ccc(OCCN3CCC(NC4CC4NC(=O)N4CCCC(n5ccc(-c6ccc(Oc7ccccc7)cc6)n5)C4)CC3)cc2CN1","CNC(C)C(=O)NC(C(=O)N1Cc2cc(OCCN3CCC(NC4CC4NC(=O)N4CCCC(n5nc(-c6ccc(Oc7ccc(F)cc7F)cc6)c(C(N)=O)c5N)C4)CC3)ccc2CC1C(=O)NC1CCCc2ccccc21)C(C)(C)C",0.274913489818573,1,1,1,0.9946919083595276,0.9914844036102295,0,9,-14.090999603271484,0.9965440630912781,"default_job_68",68,0.9613528,-13.648,-29.206,-3.111,15.558,-3.111
153,"O=C(NC1CCCc2ccccc21)C1Cc2ccc(OCCNC3CC3c3ccc(NC(=O)N4CCCC(n5ccc(-c6ccc(Oc7ccccc7)cc6)n5)C4)nc3)cc2CN1","CNC(C)C(=O)NC(C(=O)N1Cc2cc(OCCNC3CC3c3ccc(NC(=O)N4CCCC(n5nc(-c6ccc(Oc7ccc(F)cc7F)cc6)c(C(N)=O)c5N)C4)nc3C)ccc2CC1C(=O)NC1CCCc2ccccc21)C(C)(C)C",0.28257399797439575,1,1,1,0.9960866570472717,0.9900434613227844,1,9,-14.623000144958496,0.9965324997901917,"default_job_69",69,0.98407674,-14.603,-30.396,-2.494,15.793,-2.494
131,"O=C(NC1CCCc2ccccc21)C1Cc2ccc(OC3CCNC(CCNCCNC(=O)N4CCCC(n5ccc(-c6ccc(Oc7ccccc7)cc6)n5)C4)C3)cc2CN1","CNC(C)C(=O)NC(C(=O)N1Cc2cc(OC3CCNC(CCNCCNC(=O)N4CCCC(n5nc(-c6ccc(Oc7ccc(F)cc7F)cc6)c(C(N)=O)c5N)C4)C3)ccc2CC1C(=O)NC1CCCc2ccccc21)C(C)(C)C",0.26775240898132324,1,1,1,0.9925611019134521,0.9935346245765686,0,8,-13.50100040435791,0.996523916721344,"default_job_70",70,0.9865612,-13.468,-29.608,-2.651,16.14,-2.651
188,"O=C(NC1CCCc2ccccc21)C1Cc2ccc(OCCNC3CC3N3CCC(NC(=O)N4CCCC(n5ccc(-c6ccc(Oc7ccccc7)cc6)n5)C4)C3)cc2CN1","CNC(C)C(=O)NC(C(=O)N1Cc2cc(OCCNC3CC3N3CCC(NC(=O)N4CCCC(n5nc(-c6ccc(Oc7ccc(F)cc7F)cc6)c(C(N)=O)c5N)C4)C3)ccc2CC1C(=O)NC1CCCc2ccccc21)C(C)(C)C",0.2909911572933197,1,1,1,0.9936397075653076,0.9924359321594238,0,8,-13.774999618530273,0.9965189099311829,"default_job_71",71,0.9812396,-13.748,-29.42,-2.731,15.672,-2.731
111,"O=C(NC1CCCc2ccccc21)C1Cc2ccc(OCCC3CCC(CCNC(=O)N4CCCC(n5ccc(-c6ccc(Oc7ccccc7)cc6)n5)C4)CC3)cc2CN1","CNC(C)C(=O)NC(C(=O)N1Cc2cc(OC(C)(C)CC3CCC(C(N)CNC(=O)N4CCCC(n5nc(-c6ccc(Oc7ccc(F)cc7F)cc6)c(C(N)=O)c5N)C4)CC3)ccc2CC1C(=O)NC1CCCc2ccccc21)C(C)(C)C",0.1906743347644806,1,1,1,0.9940651059150696,0.9919940829277039,0,8,-13.895999908447266,0.9965147972106934,"default_job_72",72,0.9825614,-13.942,-30.242,-3.132,16.301,-3.132
190,"O=C(NC1CCCc2ccccc21)C1Cc2ccc(OC3CN(c4nccc(C5CN(C(=O)N6CCCC(n7ccc(-c8ccc(Oc9ccccc9)cc8)n7)C6)C5)n4)C3)cc2CN1","CNC(C)C(=O)NC(C(=O)N1Cc2cc(OC3CN(c4nc(C)cc(C5CN(C(=O)N6CCCC(n7nc(-c8ccc(Oc9ccc(F)cc9F)cc8)c(C(N)=O)c7N)C6)C5)n4)C3)ccc2CC1C(=O)NC1CCCc2ccccc21)C(C)(C)C",0.22177068889141083,1,1,1,0.997936487197876,0.9881218075752258,1,8,-15.73799991607666,0.9965145587921143,"default_job_73",73,0.97840315,-15.7,-29.927,-2.576,14.227,-2.576
194,"O=C(NC1CCCc2ccccc21)C1Cc2ccc(OCc3[nH]nc(CN4CCC(NC(=O)N5CCCC(n6ccc(-c7ccc(Oc8ccccc8)cc7)n6)C5)C4)c3C3CC3)cc2CN1","CNC(C)C(=O)NC(C(=O)N1Cc2cc(OCc3c(C4CC4)c(CN4CCC(NC(=O)N5CCCC(n6nc(-c7ccc(Oc8ccc(F)cc8F)cc7)c(C(N)=O)c6N)C5)C4)nn3C)ccc2CC1C(=O)NC1CCCc2ccccc21)C(C)(C)C",0.2775014638900757,1,1,1,0.9956363439559937,0.9903706908226013,1,8,-14.432999610900879,0.9965018033981323,"default_job_74",74,0.984174,-14.422,-30.863,-2.792,16.441,-2.792
133,"O=C(NC1CCCc2ccccc21)C1Cc2ccc(OC3CCC(C4(CNCCNC(=O)N5CCCC(n6ccc(-c7ccc(Oc8ccccc8)cc7)n6)C5)CCCC4)CC3)cc2CN1","CNC(C)C(=O)NC(C(=O)N1Cc2cc(OC3CCC(C4(CNCCNC(=O)N5CCCC(n6nc(-c7ccc(Oc8ccc(F)cc8F)cc7)c(C(N)=O)c6N)C5)CCCC4)CC3)ccc2CC1C(=O)NC1CCCc2ccccc21)C(C)(C)C",0.2826366126537323,1,1,1,0.9934924840927124,0.9924981594085693,0,9,-13.734999656677246,0.9964976906776428,"default_job_75",75,0.98412955,-13.744,-30.215,-2.933,16.471,-2.933
192,"O=C(NC1CCCc2ccccc21)C1Cc2ccc(OCCNC3CCc4cnc(CNC(=O)N5CCCC(n6ccc(-c7ccc(Oc8ccccc8)cc7)n6)C5)cc43)cc2CN1","CNC(C)C(=O)NC(C(=O)N1Cc2cc(OCCNC3CCc4cnc(CNC(=O)N5CCCC(n6nc(-c7ccc(Oc8ccc(F)cc8F)cc7)c(C(N)=O)c6N)C5)cc43)ccc2CC1C(=O)NC1CCCc2ccccc21)C(C)(C)C",0.20913220942020416,1,1,1,0.9945999383926392,0.9913721680641174,1,8,-14.060999870300293,0.9964929819107056,"default_job_76",76,0.984797,-14.05,-30.067,-2.91,16.017,-2.91
78,"O=C(NC1CCCc2ccccc21)C1Cc2ccc(OCCc3ccn(CCCNC(=O)N4CCCC(n5ccc(-c6ccc(Oc7ccccc7)cc6)n5)C4)c3)cc2CN1","CNC(C)C(=O)NC(C(=O)N1Cc2cc(OCC(C)(C)c3cc(C(C)(C)C)n(CCCNC(=O)N4CCCC(n5nc(-c6ccc(Oc7ccc(F)cc7F)cc6)c(C(N)=O)c5N)C4)c3)ccc2CC1C(=O)NC1CCCc2ccccc21)C(C)(C)C",0.2244558036327362,1,1,1,0.9924541115760803,0.9935145378112793,1,8,-13.47599983215332,0.9964921474456787,"default_job_77",77,0.9848266,-13.518,-30.509,-3.346,16.991,-3.346
11,"O=C(NC1CCCc2ccccc21)C1Cc2ccc(OCC=CNCc3ccc(NC(=O)N4CCCC(n5ccc(-c6ccc(Oc7ccccc7)cc6)n5)C4)cc3)cc2CN1","CNC(C)C(=O)NC(C(=O)N1Cc2cc(OCC=C(C)NCc3cc(Cl)c(NC(=O)N4CCCC(n5nc(-c6ccc(Oc7ccc(F)cc7F)cc6)c(C(N)=O)c5N)C4)cc3F)ccc2CC1C(=O)NC1CCCc2ccccc21)C(C)(C)C",0.2443789392709732,1,1,1,0.9957107305526733,0.9902348518371582,1,9,-14.463000297546387,0.9964864253997803,"default_job_78",78,0.98431075,-14.448,-30.919,-3.192,16.471,-3.192
41,"O=C(NC1CCCc2ccccc21)C1Cc2ccc(OCCc3ccnc(CCCNC(=O)N4CCCC(n5ccc(-c6ccc(Oc7ccccc7)cc6)n5)C4)c3)cc2CN1","CNC(C)C(=O)NC(C(=O)N1Cc2cc(OCCc3cc(C)nc(CCCNC(=O)N4CCCC(n5nc(-c6ccc(Oc7ccc(F)cc7F)cc6)c(C(N)=O)c5N)C4)c3)ccc2CC1C(=O)NC1CCCc2ccccc21)C(C)(C)C",0.23653806746006012,1,1,1,0.9922043681144714,0.9937407374382019,1,8,-13.418999671936035,0.9964863061904907,"default_job_79",79,0.98468775,-13.429,-29.523,-2.899,16.094,-2.899
161,"O=C(NC1CCCc2ccccc21)C1Cc2ccc(OC3CCC(CN4CCC(NC(=O)N5CCCC(n6ccc(-c7ccc(Oc8ccccc8)cc7)n6)C5)CC4)CC3)cc2CN1","CNC(C)C(=O)NC(C(=O)N1Cc2cc(OC3CCC(C(C)N4CC(C)(C)C(NC(=O)N5CCCC(n6nc(-c7ccc(Oc8ccc(F)cc8F)cc7)c(C(N)=O)c6N)C5)CC4C)CC3)ccc2CC1C(=O)NC1CCCc2ccccc21)C(C)(C)C",0.20918287336826324,1,1,1,0.9973387122154236,0.9885241389274597,0,9,-15.295000076293945,0.9964657425880432,"default_job_80",80,0.98555726,-15.225,-30.801,-3.31,15.576,-3.31
79,"O=C(NC1CCCc2ccccc21)C1Cc2ccc(OCCCc3ccnc(CCNC(=O)N4CCCC(n5ccc(-c6ccc(Oc7ccccc7)cc6)n5)C4)c3)cc2CN1","CNC(C)C(=O)NC(C(=O)N1Cc2cc(OCCCc3cc(C(C)CNC(=O)N4CCCC(n5nc(-c6ccc(Oc7ccc(F)cc7F)cc6)c(C(N)=O)c5N)C4)nc(C)c3C)ccc2CC1C(=O)NC1CCCc2ccccc21)C(C)(C)C",0.22442784905433655,1,1,1,0.9933647513389587,0.9924507737159729,1,8,-13.701000213623047,0.9964538812637329,"default_job_81",81,0.98434186,-13.666,-30.044,-2.925,16.378,-2.925
171,"O=C(NC1CCCc2ccccc21)C1Cc2ccc(OCc3cnc(C4CCN(C(=O)N5CCCC(n6ccc(-c7ccc(Oc8ccccc8)cc7)n6)C5)CC4)c(C4CC4)c3)cc2CN1","CCc1c(COc2ccc3c(c2)CN(C(=O)C(NC(=O)C(C)NC)C(C)(C)C)C(C(=O)NC2CCCc4ccccc42)C3)c(C)nc(C2CCN(C(=O)N3CCCC(n4nc(-c5ccc(Oc6ccc(F)cc6F)cc5)c(C(N)=O)c4N)C3)CC2)c1C1CC1",0.3240048885345459,1,1,1,0.990631639957428,0.9951789975166321,1,8,-13.097000122070312,0.9964526295661926,"default_job_82",82,0.9423168,-14.095,-29.339,-2.948,15.244,-2.948
199,"O=C(NC1CCCc2ccccc21)C1Cc2ccc(OCCCc3cccc(OC4CN(C(=O)N5CCCC(n6ccc(-c7ccc(Oc8ccccc8)cc7)n6)C5)C4)n3)cc2CN1","CNC(C)C(=O)NC(C(=O)N1Cc2cc(OCCCc3cccc(OC4CN(C(=O)N5CCCC(n6nc(-c7ccc(Oc8ccc(F)cc8F)cc7)c(C(N)=O)c6N)C5)C4)n3)ccc2CC1C(=O)NC1CCCc2ccccc21)C(C)(C)C",0.22475363314151764,1,1,1,0.9946399927139282,0.9911631941795349,1,9,-14.074000358581543,0.9964507818222046,"default_job_83",83,0.980312,-14.075,-30.119,-2.841,16.045,-2.841
127,"O=C(NC1CCCc2ccccc21)C1Cc2ccc(OC3CCN(Cc4ccc(NC(=O)N5CCCC(n6ccc(-c7ccc(Oc8ccccc8)cc7)n6)C5)cc4)CC3)cc2CN1","CNC(C)C(=O)NC(C(=O)N1Cc2cc(OC3CCN(Cc4ccc(NC(=O)N5CCCC(n6nc(-c7ccc(Oc8ccc(F)cc8F)cc7)c(C(N)=O)c6N)C5)cc4)CC3)ccc2CC1C(=O)NC1CCCc2ccccc21)C(C)(C)C",0.25435808300971985,1,1,1,0.9963300824165344,0.9894541501998901,1,9,-14.734999656677246,0.9964460134506226,"default_job_84",84,0.9803636,-14.761,-29.862,-2.776,15.101,-2.776
116,"O=C(NC1CCCc2ccccc21)C1Cc2ccc(OCCc3c[nH]c(C4CCN(C(=O)N5CCCC(n6ccc(-c7ccc(Oc8ccccc8)cc7)n6)C5)CC4)c3)cc2CN1","CNC(C)C(=O)NC(C(=O)N1Cc2cc(OCC(N)c3cc(C4CCN(C(=O)N5CCCC(n6nc(-c7ccc(Oc8ccc(F)cc8F)cc7)c(C(N)=O)c6N)C5)CC4)n(C(C)C)c3)ccc2CC1C(=O)NC1CCCc2ccccc21)C(C)(C)C",0.23042480647563934,1,1,1,0.9960483312606812,0.9897227883338928,1,8,-14.605999946594238,0.9964427947998047,"default_job_85",85,0.9795161,-14.572,-30.758,-3.385,16.186,-3.385
90,"O=C(NC1CCCc2ccccc21)C1Cc2ccc(OCCCCc3ccnnc3CNC(=O)N3CCCC(n4ccc(-c5ccc(Oc6ccccc6)cc5)n4)C3)cc2CN1","CCc1cc(CCC(C)COc2ccc3c(c2)CN(C(=O)C(NC(=O)C(C)NC)C(C)(C)C)C(C(=O)NC2CCCc4ccccc42)C3)c(CNC(=O)N2CCCC(n3nc(-c4ccc(Oc5ccc(F)cc5F)cc4)c(C(N)=O)c3N)C2)nn1",0.22247152030467987,1,1,1,0.9905295968055725,0.9952243566513062,1,7,-13.07800006866455,0.9964385032653809,"default_job_86",86,0.9805418,-13.226,-29.849,-3.023,16.623,-3.023
144,"O=C(NC1CCCc2ccccc21)C1Cc2ccc(OC3CCC(CC4CCC(NC(=O)N5CCCC(n6ccc(-c7ccc(Oc8ccccc8)cc7)n6)C5)C4)CC3)cc2CN1","CNC(C)C(=O)NC(C(=O)N1Cc2cc(OC3CCC(C(O)C4CCC(NC(=O)N5CCCC(n6nc(-c7ccc(Oc8ccc(F)cc8F)cc7)c(C(N)=O)c6N)C5)C4)CC3)ccc2CC1C(=O)NC1CCCc2ccccc21)C(C)(C)C",0.31720852851867676,1,1,1,0.9962962865829468,0.989449679851532,0,8,-14.718999862670898,0.9964365363121033,"default_job_87",87,0.9792321,-14.684,-30.135,-2.738,15.451,-2.738
48,"O=C(NC1CCCc2ccccc21)C1Cc2ccc(OCCNc3cc(CCNC(=O)N4CCCC(n5ccc(-c6ccc(Oc7ccccc7)cc6)n5)C4)ncn3)cc2CN1","CNC(C)C(=O)NC(C(=O)N1Cc2cc(OCCNc3cc(CCNC(=O)N4CCCC(n5nc(-c6ccc(Oc7ccc(F)cc7F)cc6)c(C(N)=O)c5N)C4)nc(C)n3)ccc2CC1C(=O)NC1CCCc2ccccc21)C(C)(C)C",0.19058668613433838,1,1,1,0.9941393136978149,0.9915405511856079,1,8,-13.918000221252441,0.9964199066162109,"default_job_88",88,0.9844899,-13.89,-29.725,-2.816,15.835,-2.816
22,"O=C(NC1CCCc2ccccc21)C1Cc2ccc(OCCCc3ccc(CNC(=O)N4CCCC(n5ccc(-c6ccc(Oc7ccccc7)cc6)n5)C4)cc3)cc2CN1","CNC(C)C(=O)NC(C(=O)N1Cc2cc(OCCCc3cc(Cl)c(CNC(=O)N4CCCC(n5nc(-c6ccc(Oc7ccc(F)cc7F)cc6)c(C(N)=O)c5N)C4)c(Cl)c3)ccc2CC1C(=O)NC1CCCc2ccccc21)C(C)(C)C",0.2910861670970917,1,1,1,0.9950755834579468,0.9906011819839478,1,8,-14.222000122070312,0.9964191913604736,"default_job_89",89,0.9838785,-14.225,-30.44,-2.664,16.216,-2.664
122,"O=C(NC1CCCc2ccccc21)C1Cc2ccc(OCCNCCc3ccc(NC(=O)N4CCCC(n5ccc(-c6ccc(Oc7ccccc7)cc6)n5)C4)cc3)cc2CN1","CNC(C)C(=O)NC(C(=O)N1Cc2cc(OCCNCC(C)c3ccc(NC(=O)N4CCCC(n5nc(-c6ccc(Oc7ccc(F)cc7F)cc6)c(C(N)=O)c5N)C4)cc3)ccc2CC1C(=O)NC1CCCc2ccccc21)C(C)(C)C",0.26423296332359314,1,1,1,0.9928731918334961,0.9927877187728882,1,9,-13.576000213623047,0.9964152574539185,"default_job_90",90,0.98343486,-13.562,-29.815,-2.936,16.253,-2.936
26,"O=C(NC1CCCc2ccccc21)C1Cc2ccc(OCCc3ccc(CCCNC(=O)N4CCCC(n5ccc(-c6ccc(Oc7ccccc7)cc6)n5)C4)[nH]3)cc2CN1","CNC(C)C(=O)NC(C(=O)N1Cc2cc(OCCc3c(C)c(Cl)c(CCCNC(=O)N4CCCC(n5nc(-c6ccc(Oc7ccc(F)cc7F)cc6)c(C(N)=O)c5N)C4)n3C)ccc2CC1C(=O)NC1CCCc2ccccc21)C(C)(C)C",0.23735876381397247,1,1,1,0.9933987855911255,0.992249608039856,1,8,-13.710000038146973,0.9964120388031006,"default_job_91",91,0.98519003,-13.701,-30.121,-2.766,16.42,-2.766
117,"O=C(NC1CCCc2ccccc21)C1Cc2ccc(OCCc3cnc4c(c3)CCN4CCNC(=O)N3CCCC(n4ccc(-c5ccc(Oc6ccccc6)cc5)n4)C3)cc2CN1","CNC(C)C(=O)NC(C(=O)N1Cc2cc(OCCc3cnc4c(c3)CCN4CCNC(=O)N3CCCC(n4nc(-c5ccc(Oc6ccc(F)cc6F)cc5)c(C(N)=O)c4N)C3)ccc2CC1C(=O)NC1CCCc2ccccc21)C(C)(C)C",0.26253119111061096,1,1,1,0.9940344095230103,0.9915971755981445,1,9,-13.88700008392334,0.9964078664779663,"default_job_92",92,0.98387444,-13.879,-29.7,-2.832,15.821,-2.832
133,"O=C(NC1CCCc2ccccc21)C1Cc2ccc(OCCNCCc3cccc(NC(=O)N4CCCC(n5ccc(-c6ccc(Oc7ccccc7)cc6)n5)C4)c3)cc2CN1","CNC(C)C(=O)NC(C(=O)N1Cc2cc(OCCNCCc3cccc(NC(=O)N4CCCC(n5nc(-c6ccc(Oc7ccc(F)cc7F)cc6)c(C(N)=O)c5N)C4)c3)ccc2CC1C(=O)NC1CCCc2ccccc21)C(C)(C)C",0.23286974430084229,1,1,1,0.9927167296409607,0.9929134845733643,1,8,-13.538000106811523,0.9964075684547424,"default_job_93",93,0.98208433,-13.499,-29.677,-2.509,16.178,-2.509
54,"O=C(NC1CCCc2ccccc21)C1Cc2ccc(OCCCn3cnc(CCNC(=O)N4CCCC(n5ccc(-c6ccc(Oc7ccccc7)cc6)n5)C4)c3)cc2CN1","CNC(C)C(=O)NC(C(=O)N1Cc2cc(OCCCn3cc(CCNC(=O)N4CCCC(n5nc(-c6ccc(Oc7ccc(F)cc7F)cc6)c(C(N)=O)c5N)C4)nc3C)ccc2CC1C(=O)NC1CCCc2ccccc21)C(C)(C)C",0.22720862925052643,1,1,1,0.9925908446311951,0.9930303692817688,1,8,-13.508000373840332,0.996405303478241,"default_job_94",94,0.98600334,-13.512,-29.706,-2.557,16.194,-2.557
132,"O=C(NC1CCCc2ccccc21)C1Cc2ccc(Oc3ccc(CNCCNC(=O)N4CCCC(n5ccc(-c6ccc(Oc7ccccc7)cc6)n5)C4)cn3)cc2CN1","CNC(C)C(=O)NC(C(=O)N1Cc2cc(Oc3cc(C)c(CNCCNC(=O)N4CCCC(n5nc(-c6ccc(Oc7ccc(F)cc7F)cc6)c(C(N)=O)c5N)C4)cn3)ccc2CC1C(=O)NC1CCCc2ccccc21)C(C)(C)C",0.20188698172569275,1,1,1,0.994149386882782,0.9914359450340271,1,8,-13.920999526977539,0.9963963627815247,"default_job_95",95,0.98405105,-13.937,-29.826,-2.549,15.888,-2.549
155,"O=C(NC1CCCc2ccccc21)C1Cc2ccc(OCc3ccc4c(c3)C(N3CCN(C(=O)N5CCCC(n6ccc(-c7ccc(Oc8ccccc8)cc7)n6)C5)CC3)CC4)cc2CN1","CNC(C)C(=O)NC(C(=O)N1Cc2cc(OCc3cc4c(cc3C)CCC4N3CCN(C(=O)N4CCCC(n5nc(-c6ccc(Oc7ccc(F)cc7F)cc6)c(C(N)=O)c5N)C4)CC3)ccc2CC1C(=O)NC1CCCc2ccccc21)C(C)(C)C",0.25420454144477844,1,1,1,0.9970269203186035,0.9885289072990417,1,8,-15.10200023651123,0.9963889718055725,"default_job_96",96,0.9829752,-15.104,-29.673,-2.486,14.569,-2.486
79,"O=C(NC1CCCc2ccccc21)C1Cc2ccc(OCCCc3ccnc(CCNC(=O)N4CCCC(n5ccc(-c6ccc(Oc7ccccc7)cc6)n5)C4)c3)cc2CN1","CNC(C)C(=O)NC(C(=O)N1Cc2cc(OCCCc3cc(CCNC(=O)N4CCCC(n5nc(-c6ccc(Oc7ccc(F)cc7F)cc6)c(C(N)=O)c5N)C4)nc(C)c3C)ccc2CC1C(=O)NC1CCCc2ccccc21)C(C)(C)C",0.23378615081310272,1,1,1,0.9927541017532349,0.9927868247032166,1,8,-13.54699993133545,0.9963852167129517,"default_job_97",97,0.9853626,-13.553,-29.796,-2.697,16.243,-2.697
183,"O=C(NC1CCCc2ccccc21)C1Cc2ccc(OCc3cnc(N4CCC(CNC(=O)N5CCCC(n6ccc(-c7ccc(Oc8ccccc8)cc7)n6)C5)C4)nc3)cc2CN1","CNC(C)C(=O)NC(C(=O)N1Cc2cc(OCc3cnc(N4CC(N)C(CNC(=O)N5CCCC(n6nc(-c7ccc(Oc8ccc(F)cc8F)cc7)c(C(N)=O)c6N)C5)C4)nc3C)ccc2CC1C(=O)NC1CCCc2ccccc21)C(C)(C)C",0.3021353483200073,1,1,1,0.9969156980514526,0.9886201024055481,1,9,-15.038000106811523,0.9963839650154114,"default_job_98",98,0.9778451,-15.037,-30.859,-3.017,15.823,-3.017
129,"O=C(NC1CCCc2ccccc21)C1Cc2ccc(OCc3ccc(C4CCCC(NC(=O)N5CCCC(n6ccc(-c7ccc(Oc8ccccc8)cc7)n6)C5)C4)cc3)cc2CN1","CNC(C)C(=O)NC(C(=O)N1Cc2cc(OCc3ccc(C4CC(NC(=O)N5CCCC(n6nc(-c7ccc(Oc8ccc(F)cc8F)cc7)c(C(N)=O)c6N)C5)CCC4C(C)=O)cc3)ccc2CC1C(=O)NC1CCCc2ccccc21)C(C)(C)C",0.16920535266399384,1,1,1,0.9957376718521118,0.9897536039352417,1,8,-14.473999977111816,0.9963728189468384,"default_job_99",99,0.98145354,-14.477,-30.134,-3.127,15.657,-3.127
